-- phpMyAdmin SQL Dump
-- version 5.2.0
-- https://www.phpmyadmin.net/
--
-- Host: localhost:3306
-- Generation Time: Jun 30, 2025 at 01:40 PM
-- Server version: 8.0.30
-- PHP Version: 8.1.10

SET SQL_MODE = "NO_AUTO_VALUE_ON_ZERO";
START TRANSACTION;
SET time_zone = "+00:00";


/*!40101 SET @OLD_CHARACTER_SET_CLIENT=@@CHARACTER_SET_CLIENT */;
/*!40101 SET @OLD_CHARACTER_SET_RESULTS=@@CHARACTER_SET_RESULTS */;
/*!40101 SET @OLD_COLLATION_CONNECTION=@@COLLATION_CONNECTION */;
/*!40101 SET NAMES utf8mb4 */;

--
-- Database: `nobl`
--

-- --------------------------------------------------------

--
-- Table structure for table `app_open_counts`
--

CREATE TABLE `app_open_counts` (
  `id` bigint UNSIGNED NOT NULL,
  `count` varchar(255) COLLATE utf8mb4_unicode_ci DEFAULT NULL,
  `created_at` timestamp NULL DEFAULT NULL,
  `updated_at` timestamp NULL DEFAULT NULL
) ENGINE=InnoDB DEFAULT CHARSET=utf8mb4 COLLATE=utf8mb4_unicode_ci;

--
-- Dumping data for table `app_open_counts`
--

INSERT INTO `app_open_counts` (`id`, `count`, `created_at`, `updated_at`) VALUES
(1, '1', '2025-04-26 05:48:03', '2025-04-26 05:48:03'),
(2, '1', '2025-04-26 05:48:05', '2025-04-26 05:48:05'),
(3, '1', '2025-04-26 05:48:06', '2025-04-26 05:48:06'),
(4, '1', '2025-04-26 05:48:35', '2025-04-26 05:48:35'),
(5, '1', '2025-03-26 05:48:37', '2025-04-26 05:48:37'),
(6, '1', '2025-04-26 05:48:38', '2025-04-26 05:48:38'),
(7, '1', '2024-04-26 05:48:43', '2025-04-26 05:48:43'),
(8, '1', '2025-04-26 05:48:43', '2025-04-26 05:48:43'),
(9, '1', '2025-04-27 05:48:44', '2025-04-26 05:48:44'),
(10, '1', '2025-04-26 05:48:44', '2025-04-26 05:48:44'),
(11, '1', '2025-04-26 05:48:45', '2025-04-26 05:48:45'),
(12, '1', '2025-04-26 05:48:45', '2025-04-26 05:48:45'),
(13, '1', '2025-04-26 05:48:46', '2025-04-26 05:48:46'),
(14, '1', '2025-04-26 05:48:47', '2025-04-26 05:48:47'),
(15, '1', '2025-04-26 07:54:46', '2025-04-26 07:54:46'),
(16, '1', '2025-04-26 07:54:51', '2025-04-26 07:54:51');

-- --------------------------------------------------------

--
-- Table structure for table `audio`
--

CREATE TABLE `audio` (
  `id` bigint UNSIGNED NOT NULL,
  `category_id` bigint UNSIGNED DEFAULT NULL,
  `title` varchar(255) COLLATE utf8mb4_unicode_ci NOT NULL,
  `thumbnail` varchar(255) COLLATE utf8mb4_unicode_ci NOT NULL,
  `audio` varchar(255) COLLATE utf8mb4_unicode_ci NOT NULL,
  `duration` varchar(255) COLLATE utf8mb4_unicode_ci DEFAULT NULL,
  `created_at` timestamp NULL DEFAULT NULL,
  `updated_at` timestamp NULL DEFAULT NULL
) ENGINE=InnoDB DEFAULT CHARSET=utf8mb4 COLLATE=utf8mb4_unicode_ci;

--
-- Dumping data for table `audio`
--

INSERT INTO `audio` (`id`, `category_id`, `title`, `thumbnail`, `audio`, `duration`, `created_at`, `updated_at`) VALUES
(5, 34, 'Forward Accountability Representative', '1746446259.png', '1746446259.mp3', NULL, '2025-05-05 05:57:39', '2025-05-05 05:57:39'),
(7, 34, 'District Program Representative', '1746446261.png', '1746446261.mp3', NULL, '2025-05-05 05:57:41', '2025-05-05 05:57:41'),
(8, 34, 'Chief Response Specialist', '1746446261.png', '1746446261.mp3', NULL, '2025-05-05 05:57:41', '2025-05-05 05:57:41'),
(10, 34, 'District Functionality Executive', '1748170273.png', '1746448177.mp3', NULL, '2025-05-05 06:29:38', '2025-05-25 04:51:13'),
(11, 34, 'Dynamic Applications Representative', '1746448201.png', '1746448201.mp3', NULL, '2025-05-05 06:30:01', '2025-05-05 06:30:01'),
(12, 34, 'Legacy Markets Representative', '1746448203.png', '1746448203.mp3', NULL, '2025-05-05 06:30:03', '2025-05-05 06:30:03'),
(14, 39, 'asdfasdf', '1748170232.png', '1748170232.mp3', NULL, '2025-05-25 04:50:32', '2025-05-25 04:50:32'),
(15, 40, 'Natu Gotoker KOtha suina', '1748596066.png', '1748596066.mp3', NULL, '2025-05-30 03:07:46', '2025-05-30 03:07:46'),
(16, 34, 'Customer Response Liaison', '1748601943.png', '1748601943.mp3', NULL, '2025-05-30 04:45:43', '2025-05-30 04:45:43'),
(17, 34, 'Legacy Integration Developer', '1748602001.png', '1748602001.mp3', NULL, '2025-05-30 04:46:41', '2025-05-30 04:46:41'),
(18, 34, 'Direct Accounts Consultant', '1748602334.png', '1748602334.mp3', NULL, '2025-05-30 04:52:14', '2025-05-30 04:52:14'),
(23, 39, 'sdfasdf', '1748604707.png', '1748604707.mp3', '243.72025', '2025-05-30 05:31:47', '2025-05-30 05:31:47'),
(24, 35, 'asdfsadf', '1748705802.jpg', '1748706007.mp3', '152.241625', '2025-05-31 09:36:42', '2025-05-31 09:40:07');

-- --------------------------------------------------------

--
-- Table structure for table `cache`
--

CREATE TABLE `cache` (
  `key` varchar(255) COLLATE utf8mb4_unicode_ci NOT NULL,
  `value` mediumtext COLLATE utf8mb4_unicode_ci NOT NULL,
  `expiration` int NOT NULL
) ENGINE=InnoDB DEFAULT CHARSET=utf8mb4 COLLATE=utf8mb4_unicode_ci;

-- --------------------------------------------------------

--
-- Table structure for table `cache_locks`
--

CREATE TABLE `cache_locks` (
  `key` varchar(255) COLLATE utf8mb4_unicode_ci NOT NULL,
  `owner` varchar(255) COLLATE utf8mb4_unicode_ci NOT NULL,
  `expiration` int NOT NULL
) ENGINE=InnoDB DEFAULT CHARSET=utf8mb4 COLLATE=utf8mb4_unicode_ci;

-- --------------------------------------------------------

--
-- Table structure for table `categories`
--

CREATE TABLE `categories` (
  `id` bigint UNSIGNED NOT NULL,
  `type` varchar(255) COLLATE utf8mb4_unicode_ci NOT NULL,
  `name` varchar(255) COLLATE utf8mb4_unicode_ci NOT NULL,
  `created_at` timestamp NULL DEFAULT NULL,
  `updated_at` timestamp NULL DEFAULT NULL
) ENGINE=InnoDB DEFAULT CHARSET=utf8mb4 COLLATE=utf8mb4_unicode_ci;

--
-- Dumping data for table `categories`
--

INSERT INTO `categories` (`id`, `type`, `name`, `created_at`, `updated_at`) VALUES
(3, 'Video Category', 'Key to success in this industry', '2025-04-25 08:06:14', '2025-04-25 08:06:14'),
(4, 'Video Category', 'Door approach / Pitch', '2025-04-25 08:06:14', '2025-04-25 08:06:14'),
(5, 'Video Category', 'Transitioning', '2025-04-25 08:06:14', '2025-04-25 08:06:14'),
(6, 'Video Category', 'Building Value', '2025-04-25 08:06:14', '2025-04-25 08:06:14'),
(7, 'Video Category', 'Qualify Questions', '2025-04-25 08:06:14', '2025-04-25 08:06:14'),
(8, 'Video Category', 'Buying Atmosphere', '2025-04-25 08:06:14', '2025-04-25 08:06:14'),
(9, 'Video Category', 'Amply Value', '2025-04-25 08:06:14', '2025-04-25 08:06:14'),
(11, 'Video Category', 'Closing Lines', '2025-04-25 08:06:14', '2025-04-25 08:06:14'),
(12, 'Video Category', 'Kichu nah a', '2025-04-25 08:06:14', '2025-05-22 09:44:07'),
(13, 'Video Category', 'How to use your IPad Resources', '2025-04-25 08:06:14', '2025-04-25 08:06:14'),
(14, 'Image Category', 'PayScale\'s', '2025-04-25 08:06:14', '2025-04-25 08:06:14'),
(15, 'Image Category', 'PayScale\'s', '2025-04-25 08:06:14', '2025-04-25 08:06:14'),
(16, 'Image Category', 'Slicks', '2025-04-25 08:06:14', '2025-04-25 08:06:14'),
(17, 'Image Category', 'Career Progress Sheets', '2025-04-25 08:06:14', '2025-04-25 08:06:14'),
(18, 'Image Category', 'Agreements Examples', '2025-04-25 08:06:14', '2025-04-25 08:06:14'),
(19, 'Image Category', 'BASAFASA Information', '2025-04-25 08:06:14', '2025-04-25 08:06:14'),
(20, 'Image Category', 'Blitz Trips', '2025-04-25 08:06:14', '2025-04-25 08:06:14'),
(21, 'Image Category', 'Incentives', '2025-04-25 08:06:14', '2025-04-25 08:06:14'),
(22, 'Image Category', 'Playbook A', '2025-04-25 08:06:14', '2025-05-22 09:44:20'),
(23, 'Documents Category', 'PayScale\'s', '2025-04-25 08:06:14', '2025-04-25 08:06:14'),
(24, 'Documents Category', 'PayScale\'s', '2025-04-25 08:06:14', '2025-04-25 08:06:14'),
(25, 'Documents Category', 'Slicks', '2025-04-25 08:06:14', '2025-04-25 08:06:14'),
(26, 'Documents Category', 'Career Progress Sheets', '2025-04-25 08:06:14', '2025-04-25 08:06:14'),
(27, 'Documents Category', 'Agreements Examples', '2025-04-25 08:06:14', '2025-04-25 08:06:14'),
(28, 'Documents Category', 'BASAFASA Information', '2025-04-25 08:06:14', '2025-04-25 08:06:14'),
(29, 'Documents Category', 'ONek valo AA', '2025-04-25 08:06:14', '2025-05-22 09:44:32'),
(30, 'Documents Category', 'Incentives', '2025-04-25 08:06:14', '2025-04-25 08:06:14'),
(31, 'Documents Category', 'Playbook', '2025-04-25 08:06:14', '2025-04-25 08:06:14'),
(32, 'Image Category', 'demo category', '2025-04-25 08:20:53', '2025-04-25 08:20:53'),
(33, 'Audio Category', 'Welcome to NOBL', '2025-05-05 05:26:37', '2025-05-05 05:26:37'),
(34, 'Audio Category', 'Introduction', '2025-05-05 05:26:37', '2025-05-05 05:26:37'),
(35, 'Audio Category', 'Key to success in this industry', '2025-05-05 05:26:37', '2025-05-05 05:26:37'),
(36, 'Audio Category', 'Door approach / Pitch', '2025-05-05 05:26:37', '2025-05-05 05:26:37'),
(37, 'Audio Category', 'Transitioning', '2025-05-05 05:26:37', '2025-05-05 05:26:37'),
(38, 'Audio Category', 'Building Value', '2025-05-05 05:26:37', '2025-05-05 05:26:37'),
(39, 'Audio Category', 'Qualify Questions', '2025-05-05 05:26:37', '2025-05-05 05:26:37'),
(40, 'Audio Category', 'Buying Atmosphere', '2025-05-05 05:26:37', '2025-05-05 05:26:37'),
(41, 'Audio Category', 'Amply Value', '2025-05-05 05:26:37', '2025-05-05 05:26:37'),
(42, 'Audio Category', 'Drop Price / Compare Price', '2025-05-05 05:26:37', '2025-05-05 05:26:37'),
(43, 'Audio Category', 'Closing Lines', '2025-05-05 05:26:37', '2025-05-05 05:26:37'),
(44, 'Audio Category', 'Area Management', '2025-05-05 05:26:37', '2025-05-05 05:26:37'),
(45, 'Audio Category', 'How to use your IPad Resources', '2025-05-05 05:26:37', '2025-05-05 05:26:37'),
(46, 'Video Category', 'Onek valo', '2025-05-22 09:19:33', '2025-05-22 09:19:33'),
(47, 'Video Category', 'asdfasdf', '2025-05-22 09:20:19', '2025-05-22 09:20:19'),
(48, 'Image Category', 'demo category', '2025-05-22 09:20:29', '2025-05-22 09:20:29'),
(49, 'Video Category', 'demo category', '2025-05-22 09:21:21', '2025-05-22 09:21:21'),
(50, 'Video Category', 'asdf', '2025-05-22 09:26:00', '2025-05-22 09:26:00'),
(51, 'Image Category', 'asdfasdf', '2025-05-22 09:26:17', '2025-05-22 09:26:17'),
(52, 'Documents Category', 'asdfasdf', '2025-05-22 09:26:24', '2025-05-22 09:26:24'),
(53, 'Documents Category', 'ONek valo', '2025-05-22 09:26:34', '2025-05-22 09:26:34'),
(54, 'Documents Category', 'Kuchu nah', '2025-05-22 09:26:44', '2025-05-22 09:26:44'),
(55, 'Video Category', 'Ki bhai', '2025-05-22 09:26:57', '2025-05-22 09:26:57'),
(56, 'Video Category', 'asdfasdf', '2025-05-22 09:42:00', '2025-05-22 09:42:00'),
(57, 'Audio Category', 'asdfasdf', '2025-05-22 09:42:11', '2025-05-22 09:42:11'),
(58, 'Documents Category', 'asdfasdf', '2025-05-22 09:42:16', '2025-05-22 09:42:16'),
(59, 'Video Category', 'AAA', '2025-05-22 09:44:11', '2025-05-22 09:44:11'),
(60, 'Image Category', 'AAAA', '2025-05-22 09:44:25', '2025-05-22 09:44:25'),
(61, 'Documents Category', 'asdfasdf', '2025-05-22 09:44:37', '2025-05-22 09:44:37'),
(62, 'Audio Category', 'asdfasdf', '2025-05-22 09:44:41', '2025-05-22 09:44:41'),
(63, 'Video Category', 'asdfasdfasdfasdf', '2025-05-22 09:45:27', '2025-05-22 09:45:27'),
(64, 'Video Category', 'Chnage OR Update', '2025-05-22 09:46:41', '2025-05-22 09:46:50'),
(65, 'Video Category', 'New Update A', '2025-05-22 09:46:57', '2025-05-24 03:29:33'),
(67, 'Image Category', 'Audio', '2025-05-22 09:47:13', '2025-05-22 09:47:13'),
(68, 'Documents Category', 'Document', '2025-05-22 09:47:25', '2025-05-22 09:47:25'),
(69, 'Audio Category', 'ONek valo', '2025-05-22 09:51:43', '2025-05-22 09:51:43'),
(70, 'Audio Category', 'Okay for that', '2025-05-22 09:51:56', '2025-05-22 09:51:56'),
(72, 'Video Category', 'asdfasdf', '2025-05-30 09:18:40', '2025-05-30 09:18:40');

-- --------------------------------------------------------

--
-- Table structure for table `documents`
--

CREATE TABLE `documents` (
  `id` bigint UNSIGNED NOT NULL,
  `category_id` bigint UNSIGNED DEFAULT NULL,
  `document_type` varchar(255) COLLATE utf8mb4_unicode_ci NOT NULL,
  `file` varchar(255) COLLATE utf8mb4_unicode_ci NOT NULL,
  `title` varchar(255) COLLATE utf8mb4_unicode_ci NOT NULL,
  `thumbnail` varchar(255) COLLATE utf8mb4_unicode_ci NOT NULL,
  `no_of_page` varchar(255) COLLATE utf8mb4_unicode_ci NOT NULL DEFAULT '0',
  `created_at` timestamp NULL DEFAULT NULL,
  `updated_at` timestamp NULL DEFAULT NULL
) ENGINE=InnoDB DEFAULT CHARSET=utf8mb4 COLLATE=utf8mb4_unicode_ci;

--
-- Dumping data for table `documents`
--

INSERT INTO `documents` (`id`, `category_id`, `document_type`, `file`, `title`, `thumbnail`, `no_of_page`, `created_at`, `updated_at`) VALUES
(1, 24, '.pdf', '1745662353.pdf', 'Customer Division Architect', '1745662353.jpg', '2', '2025-04-26 04:12:33', '2025-04-26 04:12:33'),
(4, 26, '.docx', '1745919348.pdf', 'Legacy Integration Liaison', '1745919348.png', '1', '2025-04-26 04:14:24', '2025-04-29 03:35:48'),
(5, 24, '.pdf', '1745662465.pdf', 'National Program Director', '1745662465.jpg', '1', '2025-04-26 04:14:25', '2025-04-26 04:14:25'),
(6, 24, '.pdf', '1745676882.pdf', 'Product Metrics Developer', '1745676882.jpg', '30', '2025-04-26 08:14:42', '2025-04-26 08:14:42'),
(7, 24, '.pdf', '1745676933.pdf', 'Legacy Quality Analyst', '1745676933.jpg', '15', '2025-04-26 08:15:33', '2025-04-26 08:15:33'),
(8, 24, '.pdf', '1745677867.pdf', 'Product Paradigm Technician', '1745677867.jpg', '12', '2025-04-26 08:31:07', '2025-04-26 08:31:07'),
(10, 24, '.pdf', '1745919215.pdf', 'International Directives Producer', '1745919215.png', '9', '2025-04-29 03:33:35', '2025-04-29 03:33:35'),
(11, 5, 'pdf', '1748097879.pdf', 'Adipisci cumque natu', '1748097879.png', '44', '2025-05-24 08:44:40', '2025-05-24 08:44:40'),
(13, 5, '.pdf', '1748098918.pdf', 'Voluptas sint aspern', '1748098918.png', '107', '2025-05-24 09:01:58', '2025-05-24 09:01:58'),
(14, 3, '.pdf', '1748101107.pdf', 'asdfasdf', '1748101107.png', '44', '2025-05-24 09:38:27', '2025-05-24 09:38:27'),
(15, 5, '.pdf', '1748101212.pdf', 'asdfasdf', '1748101212.png', '107', '2025-05-24 09:40:12', '2025-05-24 09:40:12'),
(16, 8, '.pdf', '1748101253.pdf', 'asdfasdf', '1748101253.png', '107', '2025-05-24 09:40:53', '2025-05-24 09:40:53'),
(17, 25, '.pdf', '1748101592.pdf', 'asdfasdf', '1748101592.png', '44', '2025-05-24 09:46:32', '2025-05-24 09:46:32');

-- --------------------------------------------------------

--
-- Table structure for table `failed_jobs`
--

CREATE TABLE `failed_jobs` (
  `id` bigint UNSIGNED NOT NULL,
  `uuid` varchar(255) COLLATE utf8mb4_unicode_ci NOT NULL,
  `connection` text COLLATE utf8mb4_unicode_ci NOT NULL,
  `queue` text COLLATE utf8mb4_unicode_ci NOT NULL,
  `payload` longtext COLLATE utf8mb4_unicode_ci NOT NULL,
  `exception` longtext COLLATE utf8mb4_unicode_ci NOT NULL,
  `failed_at` timestamp NOT NULL DEFAULT CURRENT_TIMESTAMP
) ENGINE=InnoDB DEFAULT CHARSET=utf8mb4 COLLATE=utf8mb4_unicode_ci;

--
-- Dumping data for table `failed_jobs`
--

INSERT INTO `failed_jobs` (`id`, `uuid`, `connection`, `queue`, `payload`, `exception`, `failed_at`) VALUES
(1, 'ed16b7c4-3731-41b5-9641-99a76bcb1bf9', 'database', 'default', '{\"uuid\":\"ed16b7c4-3731-41b5-9641-99a76bcb1bf9\",\"displayName\":\"App\\\\Mail\\\\OtpMail\",\"job\":\"Illuminate\\\\Queue\\\\CallQueuedHandler@call\",\"maxTries\":null,\"maxExceptions\":null,\"failOnTimeout\":false,\"backoff\":null,\"timeout\":null,\"retryUntil\":null,\"data\":{\"commandName\":\"Illuminate\\\\Mail\\\\SendQueuedMailable\",\"command\":\"O:34:\\\"Illuminate\\\\Mail\\\\SendQueuedMailable\\\":15:{s:8:\\\"mailable\\\";O:16:\\\"App\\\\Mail\\\\OtpMail\\\":3:{s:3:\\\"otp\\\";i:185734;s:2:\\\"to\\\";a:1:{i:0;a:2:{s:4:\\\"name\\\";N;s:7:\\\"address\\\";s:15:\\\"admin@gmail.com\\\";}}s:6:\\\"mailer\\\";s:4:\\\"smtp\\\";}s:5:\\\"tries\\\";N;s:7:\\\"timeout\\\";N;s:13:\\\"maxExceptions\\\";N;s:17:\\\"shouldBeEncrypted\\\";b:0;s:10:\\\"connection\\\";N;s:5:\\\"queue\\\";N;s:5:\\\"delay\\\";N;s:11:\\\"afterCommit\\\";N;s:10:\\\"middleware\\\";a:0:{}s:7:\\\"chained\\\";a:0:{}s:15:\\\"chainConnection\\\";N;s:10:\\\"chainQueue\\\";N;s:19:\\\"chainCatchCallbacks\\\";N;s:3:\\\"job\\\";N;}\"}}', 'ErrorException: Trying to access array offset on value of type null in C:\\laragon\\www\\nobl_backend\\vendor\\symfony\\mailer\\Transport\\Smtp\\Stream\\AbstractStream.php:91\nStack trace:\n#0 C:\\laragon\\www\\nobl_backend\\vendor\\laravel\\framework\\src\\Illuminate\\Foundation\\Bootstrap\\HandleExceptions.php(256): Illuminate\\Foundation\\Bootstrap\\HandleExceptions->handleError(2, \'Trying to acces...\', \'C:\\\\laragon\\\\www\\\\...\', 91)\n#1 C:\\laragon\\www\\nobl_backend\\vendor\\symfony\\mailer\\Transport\\Smtp\\Stream\\AbstractStream.php(91): Illuminate\\Foundation\\Bootstrap\\HandleExceptions->Illuminate\\Foundation\\Bootstrap\\{closure}(2, \'Trying to acces...\', \'C:\\\\laragon\\\\www\\\\...\', 91)\n#2 C:\\laragon\\www\\nobl_backend\\vendor\\symfony\\mailer\\Transport\\Smtp\\SmtpTransport.php(350): Symfony\\Component\\Mailer\\Transport\\Smtp\\Stream\\AbstractStream->readLine()\n#3 C:\\laragon\\www\\nobl_backend\\vendor\\symfony\\mailer\\Transport\\Smtp\\SmtpTransport.php(197): Symfony\\Component\\Mailer\\Transport\\Smtp\\SmtpTransport->getFullResponse()\n#4 C:\\laragon\\www\\nobl_backend\\vendor\\symfony\\mailer\\Transport\\Smtp\\EsmtpTransport.php(134): Symfony\\Component\\Mailer\\Transport\\Smtp\\SmtpTransport->executeCommand(\'RSET\\r\\n\', Array)\n#5 C:\\laragon\\www\\nobl_backend\\vendor\\symfony\\mailer\\Transport\\Smtp\\EsmtpTransport.php(228): Symfony\\Component\\Mailer\\Transport\\Smtp\\EsmtpTransport->executeCommand(\'RSET\\r\\n\', Array)\n#6 C:\\laragon\\www\\nobl_backend\\vendor\\symfony\\mailer\\Transport\\Smtp\\EsmtpTransport.php(177): Symfony\\Component\\Mailer\\Transport\\Smtp\\EsmtpTransport->handleAuth(Array)\n#7 C:\\laragon\\www\\nobl_backend\\vendor\\symfony\\mailer\\Transport\\Smtp\\EsmtpTransport.php(134): Symfony\\Component\\Mailer\\Transport\\Smtp\\EsmtpTransport->doEhloCommand()\n#8 C:\\laragon\\www\\nobl_backend\\vendor\\symfony\\mailer\\Transport\\Smtp\\SmtpTransport.php(255): Symfony\\Component\\Mailer\\Transport\\Smtp\\EsmtpTransport->executeCommand(\'HELO localhost\\r...\', Array)\n#9 C:\\laragon\\www\\nobl_backend\\vendor\\symfony\\mailer\\Transport\\Smtp\\SmtpTransport.php(281): Symfony\\Component\\Mailer\\Transport\\Smtp\\SmtpTransport->doHeloCommand()\n#10 C:\\laragon\\www\\nobl_backend\\vendor\\symfony\\mailer\\Transport\\Smtp\\SmtpTransport.php(211): Symfony\\Component\\Mailer\\Transport\\Smtp\\SmtpTransport->start()\n#11 C:\\laragon\\www\\nobl_backend\\vendor\\symfony\\mailer\\Transport\\AbstractTransport.php(69): Symfony\\Component\\Mailer\\Transport\\Smtp\\SmtpTransport->doSend(Object(Symfony\\Component\\Mailer\\SentMessage))\n#12 C:\\laragon\\www\\nobl_backend\\vendor\\symfony\\mailer\\Transport\\Smtp\\SmtpTransport.php(138): Symfony\\Component\\Mailer\\Transport\\AbstractTransport->send(Object(Symfony\\Component\\Mime\\Email), Object(Symfony\\Component\\Mailer\\DelayedEnvelope))\n#13 C:\\laragon\\www\\nobl_backend\\vendor\\laravel\\framework\\src\\Illuminate\\Mail\\Mailer.php(584): Symfony\\Component\\Mailer\\Transport\\Smtp\\SmtpTransport->send(Object(Symfony\\Component\\Mime\\Email), Object(Symfony\\Component\\Mailer\\DelayedEnvelope))\n#14 C:\\laragon\\www\\nobl_backend\\vendor\\laravel\\framework\\src\\Illuminate\\Mail\\Mailer.php(331): Illuminate\\Mail\\Mailer->sendSymfonyMessage(Object(Symfony\\Component\\Mime\\Email))\n#15 C:\\laragon\\www\\nobl_backend\\vendor\\laravel\\framework\\src\\Illuminate\\Mail\\Mailable.php(206): Illuminate\\Mail\\Mailer->send(\'email.otp\', Array, Object(Closure))\n#16 C:\\laragon\\www\\nobl_backend\\vendor\\laravel\\framework\\src\\Illuminate\\Support\\Traits\\Localizable.php(19): Illuminate\\Mail\\Mailable->Illuminate\\Mail\\{closure}()\n#17 C:\\laragon\\www\\nobl_backend\\vendor\\laravel\\framework\\src\\Illuminate\\Mail\\Mailable.php(199): Illuminate\\Mail\\Mailable->withLocale(NULL, Object(Closure))\n#18 C:\\laragon\\www\\nobl_backend\\vendor\\laravel\\framework\\src\\Illuminate\\Mail\\SendQueuedMailable.php(82): Illuminate\\Mail\\Mailable->send(Object(Illuminate\\Mail\\MailManager))\n#19 C:\\laragon\\www\\nobl_backend\\vendor\\laravel\\framework\\src\\Illuminate\\Container\\BoundMethod.php(36): Illuminate\\Mail\\SendQueuedMailable->handle(Object(Illuminate\\Mail\\MailManager))\n#20 C:\\laragon\\www\\nobl_backend\\vendor\\laravel\\framework\\src\\Illuminate\\Container\\Util.php(43): Illuminate\\Container\\BoundMethod::Illuminate\\Container\\{closure}()\n#21 C:\\laragon\\www\\nobl_backend\\vendor\\laravel\\framework\\src\\Illuminate\\Container\\BoundMethod.php(96): Illuminate\\Container\\Util::unwrapIfClosure(Object(Closure))\n#22 C:\\laragon\\www\\nobl_backend\\vendor\\laravel\\framework\\src\\Illuminate\\Container\\BoundMethod.php(35): Illuminate\\Container\\BoundMethod::callBoundMethod(Object(Illuminate\\Foundation\\Application), Array, Object(Closure))\n#23 C:\\laragon\\www\\nobl_backend\\vendor\\laravel\\framework\\src\\Illuminate\\Container\\Container.php(754): Illuminate\\Container\\BoundMethod::call(Object(Illuminate\\Foundation\\Application), Array, Array, NULL)\n#24 C:\\laragon\\www\\nobl_backend\\vendor\\laravel\\framework\\src\\Illuminate\\Bus\\Dispatcher.php(125): Illuminate\\Container\\Container->call(Array)\n#25 C:\\laragon\\www\\nobl_backend\\vendor\\laravel\\framework\\src\\Illuminate\\Pipeline\\Pipeline.php(169): Illuminate\\Bus\\Dispatcher->Illuminate\\Bus\\{closure}(Object(Illuminate\\Mail\\SendQueuedMailable))\n#26 C:\\laragon\\www\\nobl_backend\\vendor\\laravel\\framework\\src\\Illuminate\\Pipeline\\Pipeline.php(126): Illuminate\\Pipeline\\Pipeline->Illuminate\\Pipeline\\{closure}(Object(Illuminate\\Mail\\SendQueuedMailable))\n#27 C:\\laragon\\www\\nobl_backend\\vendor\\laravel\\framework\\src\\Illuminate\\Bus\\Dispatcher.php(129): Illuminate\\Pipeline\\Pipeline->then(Object(Closure))\n#28 C:\\laragon\\www\\nobl_backend\\vendor\\laravel\\framework\\src\\Illuminate\\Queue\\CallQueuedHandler.php(125): Illuminate\\Bus\\Dispatcher->dispatchNow(Object(Illuminate\\Mail\\SendQueuedMailable), false)\n#29 C:\\laragon\\www\\nobl_backend\\vendor\\laravel\\framework\\src\\Illuminate\\Pipeline\\Pipeline.php(169): Illuminate\\Queue\\CallQueuedHandler->Illuminate\\Queue\\{closure}(Object(Illuminate\\Mail\\SendQueuedMailable))\n#30 C:\\laragon\\www\\nobl_backend\\vendor\\laravel\\framework\\src\\Illuminate\\Pipeline\\Pipeline.php(126): Illuminate\\Pipeline\\Pipeline->Illuminate\\Pipeline\\{closure}(Object(Illuminate\\Mail\\SendQueuedMailable))\n#31 C:\\laragon\\www\\nobl_backend\\vendor\\laravel\\framework\\src\\Illuminate\\Queue\\CallQueuedHandler.php(120): Illuminate\\Pipeline\\Pipeline->then(Object(Closure))\n#32 C:\\laragon\\www\\nobl_backend\\vendor\\laravel\\framework\\src\\Illuminate\\Queue\\CallQueuedHandler.php(68): Illuminate\\Queue\\CallQueuedHandler->dispatchThroughMiddleware(Object(Illuminate\\Queue\\Jobs\\DatabaseJob), Object(Illuminate\\Mail\\SendQueuedMailable))\n#33 C:\\laragon\\www\\nobl_backend\\vendor\\laravel\\framework\\src\\Illuminate\\Queue\\Jobs\\Job.php(102): Illuminate\\Queue\\CallQueuedHandler->call(Object(Illuminate\\Queue\\Jobs\\DatabaseJob), Array)\n#34 C:\\laragon\\www\\nobl_backend\\vendor\\laravel\\framework\\src\\Illuminate\\Queue\\Worker.php(441): Illuminate\\Queue\\Jobs\\Job->fire()\n#35 C:\\laragon\\www\\nobl_backend\\vendor\\laravel\\framework\\src\\Illuminate\\Queue\\Worker.php(391): Illuminate\\Queue\\Worker->process(\'database\', Object(Illuminate\\Queue\\Jobs\\DatabaseJob), Object(Illuminate\\Queue\\WorkerOptions))\n#36 C:\\laragon\\www\\nobl_backend\\vendor\\laravel\\framework\\src\\Illuminate\\Queue\\Worker.php(177): Illuminate\\Queue\\Worker->runJob(Object(Illuminate\\Queue\\Jobs\\DatabaseJob), \'database\', Object(Illuminate\\Queue\\WorkerOptions))\n#37 C:\\laragon\\www\\nobl_backend\\vendor\\laravel\\framework\\src\\Illuminate\\Queue\\Console\\WorkCommand.php(148): Illuminate\\Queue\\Worker->daemon(\'database\', \'default\', Object(Illuminate\\Queue\\WorkerOptions))\n#38 C:\\laragon\\www\\nobl_backend\\vendor\\laravel\\framework\\src\\Illuminate\\Queue\\Console\\WorkCommand.php(131): Illuminate\\Queue\\Console\\WorkCommand->runWorker(\'database\', \'default\')\n#39 C:\\laragon\\www\\nobl_backend\\vendor\\laravel\\framework\\src\\Illuminate\\Container\\BoundMethod.php(36): Illuminate\\Queue\\Console\\WorkCommand->handle()\n#40 C:\\laragon\\www\\nobl_backend\\vendor\\laravel\\framework\\src\\Illuminate\\Container\\Util.php(43): Illuminate\\Container\\BoundMethod::Illuminate\\Container\\{closure}()\n#41 C:\\laragon\\www\\nobl_backend\\vendor\\laravel\\framework\\src\\Illuminate\\Container\\BoundMethod.php(96): Illuminate\\Container\\Util::unwrapIfClosure(Object(Closure))\n#42 C:\\laragon\\www\\nobl_backend\\vendor\\laravel\\framework\\src\\Illuminate\\Container\\BoundMethod.php(35): Illuminate\\Container\\BoundMethod::callBoundMethod(Object(Illuminate\\Foundation\\Application), Array, Object(Closure))\n#43 C:\\laragon\\www\\nobl_backend\\vendor\\laravel\\framework\\src\\Illuminate\\Container\\Container.php(754): Illuminate\\Container\\BoundMethod::call(Object(Illuminate\\Foundation\\Application), Array, Array, NULL)\n#44 C:\\laragon\\www\\nobl_backend\\vendor\\laravel\\framework\\src\\Illuminate\\Console\\Command.php(211): Illuminate\\Container\\Container->call(Array)\n#45 C:\\laragon\\www\\nobl_backend\\vendor\\symfony\\console\\Command\\Command.php(279): Illuminate\\Console\\Command->execute(Object(Symfony\\Component\\Console\\Input\\ArgvInput), Object(Illuminate\\Console\\OutputStyle))\n#46 C:\\laragon\\www\\nobl_backend\\vendor\\laravel\\framework\\src\\Illuminate\\Console\\Command.php(180): Symfony\\Component\\Console\\Command\\Command->run(Object(Symfony\\Component\\Console\\Input\\ArgvInput), Object(Illuminate\\Console\\OutputStyle))\n#47 C:\\laragon\\www\\nobl_backend\\vendor\\symfony\\console\\Application.php(1094): Illuminate\\Console\\Command->run(Object(Symfony\\Component\\Console\\Input\\ArgvInput), Object(Symfony\\Component\\Console\\Output\\ConsoleOutput))\n#48 C:\\laragon\\www\\nobl_backend\\vendor\\symfony\\console\\Application.php(342): Symfony\\Component\\Console\\Application->doRunCommand(Object(Illuminate\\Queue\\Console\\WorkCommand), Object(Symfony\\Component\\Console\\Input\\ArgvInput), Object(Symfony\\Component\\Console\\Output\\ConsoleOutput))\n#49 C:\\laragon\\www\\nobl_backend\\vendor\\symfony\\console\\Application.php(193): Symfony\\Component\\Console\\Application->doRun(Object(Symfony\\Component\\Console\\Input\\ArgvInput), Object(Symfony\\Component\\Console\\Output\\ConsoleOutput))\n#50 C:\\laragon\\www\\nobl_backend\\vendor\\laravel\\framework\\src\\Illuminate\\Foundation\\Console\\Kernel.php(197): Symfony\\Component\\Console\\Application->run(Object(Symfony\\Component\\Console\\Input\\ArgvInput), Object(Symfony\\Component\\Console\\Output\\ConsoleOutput))\n#51 C:\\laragon\\www\\nobl_backend\\vendor\\laravel\\framework\\src\\Illuminate\\Foundation\\Application.php(1234): Illuminate\\Foundation\\Console\\Kernel->handle(Object(Symfony\\Component\\Console\\Input\\ArgvInput), Object(Symfony\\Component\\Console\\Output\\ConsoleOutput))\n#52 C:\\laragon\\www\\nobl_backend\\artisan(16): Illuminate\\Foundation\\Application->handleCommand(Object(Symfony\\Component\\Console\\Input\\ArgvInput))\n#53 {main}', '2025-05-29 00:04:46'),
(2, 'afbc12a6-52bb-42f0-863d-23e08f30d011', 'database', 'default', '{\"uuid\":\"afbc12a6-52bb-42f0-863d-23e08f30d011\",\"displayName\":\"App\\\\Mail\\\\OtpMail\",\"job\":\"Illuminate\\\\Queue\\\\CallQueuedHandler@call\",\"maxTries\":null,\"maxExceptions\":null,\"failOnTimeout\":false,\"backoff\":null,\"timeout\":null,\"retryUntil\":null,\"data\":{\"commandName\":\"Illuminate\\\\Mail\\\\SendQueuedMailable\",\"command\":\"O:34:\\\"Illuminate\\\\Mail\\\\SendQueuedMailable\\\":15:{s:8:\\\"mailable\\\";O:16:\\\"App\\\\Mail\\\\OtpMail\\\":3:{s:3:\\\"otp\\\";i:521141;s:2:\\\"to\\\";a:1:{i:0;a:2:{s:4:\\\"name\\\";N;s:7:\\\"address\\\";s:15:\\\"admin@gmail.com\\\";}}s:6:\\\"mailer\\\";s:4:\\\"smtp\\\";}s:5:\\\"tries\\\";N;s:7:\\\"timeout\\\";N;s:13:\\\"maxExceptions\\\";N;s:17:\\\"shouldBeEncrypted\\\";b:0;s:10:\\\"connection\\\";N;s:5:\\\"queue\\\";N;s:5:\\\"delay\\\";N;s:11:\\\"afterCommit\\\";N;s:10:\\\"middleware\\\";a:0:{}s:7:\\\"chained\\\";a:0:{}s:15:\\\"chainConnection\\\";N;s:10:\\\"chainQueue\\\";N;s:19:\\\"chainCatchCallbacks\\\";N;s:3:\\\"job\\\";N;}\"}}', 'Symfony\\Component\\Mailer\\Exception\\TransportException: Failed to authenticate on SMTP server with username \"17b0d7e41c26f2\" using the following authenticators: \"CRAM-MD5\", \"LOGIN\", \"PLAIN\". Authenticator \"CRAM-MD5\" returned \"Expected response code \"235\" but got code \"535\", with message \"535 5.7.0 Invalid credentials\".\". Authenticator \"LOGIN\" returned \"Expected response code \"334\" but got empty code.\". Authenticator \"PLAIN\" returned \"Expected response code \"235\" but got empty code.\". in C:\\laragon\\www\\nobl_backend\\vendor\\symfony\\mailer\\Transport\\Smtp\\EsmtpTransport.php:247\nStack trace:\n#0 C:\\laragon\\www\\nobl_backend\\vendor\\symfony\\mailer\\Transport\\Smtp\\EsmtpTransport.php(177): Symfony\\Component\\Mailer\\Transport\\Smtp\\EsmtpTransport->handleAuth(Array)\n#1 C:\\laragon\\www\\nobl_backend\\vendor\\symfony\\mailer\\Transport\\Smtp\\EsmtpTransport.php(134): Symfony\\Component\\Mailer\\Transport\\Smtp\\EsmtpTransport->doEhloCommand()\n#2 C:\\laragon\\www\\nobl_backend\\vendor\\symfony\\mailer\\Transport\\Smtp\\SmtpTransport.php(255): Symfony\\Component\\Mailer\\Transport\\Smtp\\EsmtpTransport->executeCommand(\'HELO localhost\\r...\', Array)\n#3 C:\\laragon\\www\\nobl_backend\\vendor\\symfony\\mailer\\Transport\\Smtp\\SmtpTransport.php(281): Symfony\\Component\\Mailer\\Transport\\Smtp\\SmtpTransport->doHeloCommand()\n#4 C:\\laragon\\www\\nobl_backend\\vendor\\symfony\\mailer\\Transport\\Smtp\\SmtpTransport.php(211): Symfony\\Component\\Mailer\\Transport\\Smtp\\SmtpTransport->start()\n#5 C:\\laragon\\www\\nobl_backend\\vendor\\symfony\\mailer\\Transport\\AbstractTransport.php(69): Symfony\\Component\\Mailer\\Transport\\Smtp\\SmtpTransport->doSend(Object(Symfony\\Component\\Mailer\\SentMessage))\n#6 C:\\laragon\\www\\nobl_backend\\vendor\\symfony\\mailer\\Transport\\Smtp\\SmtpTransport.php(138): Symfony\\Component\\Mailer\\Transport\\AbstractTransport->send(Object(Symfony\\Component\\Mime\\Email), Object(Symfony\\Component\\Mailer\\DelayedEnvelope))\n#7 C:\\laragon\\www\\nobl_backend\\vendor\\laravel\\framework\\src\\Illuminate\\Mail\\Mailer.php(584): Symfony\\Component\\Mailer\\Transport\\Smtp\\SmtpTransport->send(Object(Symfony\\Component\\Mime\\Email), Object(Symfony\\Component\\Mailer\\DelayedEnvelope))\n#8 C:\\laragon\\www\\nobl_backend\\vendor\\laravel\\framework\\src\\Illuminate\\Mail\\Mailer.php(331): Illuminate\\Mail\\Mailer->sendSymfonyMessage(Object(Symfony\\Component\\Mime\\Email))\n#9 C:\\laragon\\www\\nobl_backend\\vendor\\laravel\\framework\\src\\Illuminate\\Mail\\Mailable.php(206): Illuminate\\Mail\\Mailer->send(\'email.otp\', Array, Object(Closure))\n#10 C:\\laragon\\www\\nobl_backend\\vendor\\laravel\\framework\\src\\Illuminate\\Support\\Traits\\Localizable.php(19): Illuminate\\Mail\\Mailable->Illuminate\\Mail\\{closure}()\n#11 C:\\laragon\\www\\nobl_backend\\vendor\\laravel\\framework\\src\\Illuminate\\Mail\\Mailable.php(199): Illuminate\\Mail\\Mailable->withLocale(NULL, Object(Closure))\n#12 C:\\laragon\\www\\nobl_backend\\vendor\\laravel\\framework\\src\\Illuminate\\Mail\\SendQueuedMailable.php(82): Illuminate\\Mail\\Mailable->send(Object(Illuminate\\Mail\\MailManager))\n#13 C:\\laragon\\www\\nobl_backend\\vendor\\laravel\\framework\\src\\Illuminate\\Container\\BoundMethod.php(36): Illuminate\\Mail\\SendQueuedMailable->handle(Object(Illuminate\\Mail\\MailManager))\n#14 C:\\laragon\\www\\nobl_backend\\vendor\\laravel\\framework\\src\\Illuminate\\Container\\Util.php(43): Illuminate\\Container\\BoundMethod::Illuminate\\Container\\{closure}()\n#15 C:\\laragon\\www\\nobl_backend\\vendor\\laravel\\framework\\src\\Illuminate\\Container\\BoundMethod.php(96): Illuminate\\Container\\Util::unwrapIfClosure(Object(Closure))\n#16 C:\\laragon\\www\\nobl_backend\\vendor\\laravel\\framework\\src\\Illuminate\\Container\\BoundMethod.php(35): Illuminate\\Container\\BoundMethod::callBoundMethod(Object(Illuminate\\Foundation\\Application), Array, Object(Closure))\n#17 C:\\laragon\\www\\nobl_backend\\vendor\\laravel\\framework\\src\\Illuminate\\Container\\Container.php(754): Illuminate\\Container\\BoundMethod::call(Object(Illuminate\\Foundation\\Application), Array, Array, NULL)\n#18 C:\\laragon\\www\\nobl_backend\\vendor\\laravel\\framework\\src\\Illuminate\\Bus\\Dispatcher.php(125): Illuminate\\Container\\Container->call(Array)\n#19 C:\\laragon\\www\\nobl_backend\\vendor\\laravel\\framework\\src\\Illuminate\\Pipeline\\Pipeline.php(169): Illuminate\\Bus\\Dispatcher->Illuminate\\Bus\\{closure}(Object(Illuminate\\Mail\\SendQueuedMailable))\n#20 C:\\laragon\\www\\nobl_backend\\vendor\\laravel\\framework\\src\\Illuminate\\Pipeline\\Pipeline.php(126): Illuminate\\Pipeline\\Pipeline->Illuminate\\Pipeline\\{closure}(Object(Illuminate\\Mail\\SendQueuedMailable))\n#21 C:\\laragon\\www\\nobl_backend\\vendor\\laravel\\framework\\src\\Illuminate\\Bus\\Dispatcher.php(129): Illuminate\\Pipeline\\Pipeline->then(Object(Closure))\n#22 C:\\laragon\\www\\nobl_backend\\vendor\\laravel\\framework\\src\\Illuminate\\Queue\\CallQueuedHandler.php(125): Illuminate\\Bus\\Dispatcher->dispatchNow(Object(Illuminate\\Mail\\SendQueuedMailable), false)\n#23 C:\\laragon\\www\\nobl_backend\\vendor\\laravel\\framework\\src\\Illuminate\\Pipeline\\Pipeline.php(169): Illuminate\\Queue\\CallQueuedHandler->Illuminate\\Queue\\{closure}(Object(Illuminate\\Mail\\SendQueuedMailable))\n#24 C:\\laragon\\www\\nobl_backend\\vendor\\laravel\\framework\\src\\Illuminate\\Pipeline\\Pipeline.php(126): Illuminate\\Pipeline\\Pipeline->Illuminate\\Pipeline\\{closure}(Object(Illuminate\\Mail\\SendQueuedMailable))\n#25 C:\\laragon\\www\\nobl_backend\\vendor\\laravel\\framework\\src\\Illuminate\\Queue\\CallQueuedHandler.php(120): Illuminate\\Pipeline\\Pipeline->then(Object(Closure))\n#26 C:\\laragon\\www\\nobl_backend\\vendor\\laravel\\framework\\src\\Illuminate\\Queue\\CallQueuedHandler.php(68): Illuminate\\Queue\\CallQueuedHandler->dispatchThroughMiddleware(Object(Illuminate\\Queue\\Jobs\\DatabaseJob), Object(Illuminate\\Mail\\SendQueuedMailable))\n#27 C:\\laragon\\www\\nobl_backend\\vendor\\laravel\\framework\\src\\Illuminate\\Queue\\Jobs\\Job.php(102): Illuminate\\Queue\\CallQueuedHandler->call(Object(Illuminate\\Queue\\Jobs\\DatabaseJob), Array)\n#28 C:\\laragon\\www\\nobl_backend\\vendor\\laravel\\framework\\src\\Illuminate\\Queue\\Worker.php(441): Illuminate\\Queue\\Jobs\\Job->fire()\n#29 C:\\laragon\\www\\nobl_backend\\vendor\\laravel\\framework\\src\\Illuminate\\Queue\\Worker.php(391): Illuminate\\Queue\\Worker->process(\'database\', Object(Illuminate\\Queue\\Jobs\\DatabaseJob), Object(Illuminate\\Queue\\WorkerOptions))\n#30 C:\\laragon\\www\\nobl_backend\\vendor\\laravel\\framework\\src\\Illuminate\\Queue\\Worker.php(177): Illuminate\\Queue\\Worker->runJob(Object(Illuminate\\Queue\\Jobs\\DatabaseJob), \'database\', Object(Illuminate\\Queue\\WorkerOptions))\n#31 C:\\laragon\\www\\nobl_backend\\vendor\\laravel\\framework\\src\\Illuminate\\Queue\\Console\\WorkCommand.php(148): Illuminate\\Queue\\Worker->daemon(\'database\', \'default\', Object(Illuminate\\Queue\\WorkerOptions))\n#32 C:\\laragon\\www\\nobl_backend\\vendor\\laravel\\framework\\src\\Illuminate\\Queue\\Console\\WorkCommand.php(131): Illuminate\\Queue\\Console\\WorkCommand->runWorker(\'database\', \'default\')\n#33 C:\\laragon\\www\\nobl_backend\\vendor\\laravel\\framework\\src\\Illuminate\\Container\\BoundMethod.php(36): Illuminate\\Queue\\Console\\WorkCommand->handle()\n#34 C:\\laragon\\www\\nobl_backend\\vendor\\laravel\\framework\\src\\Illuminate\\Container\\Util.php(43): Illuminate\\Container\\BoundMethod::Illuminate\\Container\\{closure}()\n#35 C:\\laragon\\www\\nobl_backend\\vendor\\laravel\\framework\\src\\Illuminate\\Container\\BoundMethod.php(96): Illuminate\\Container\\Util::unwrapIfClosure(Object(Closure))\n#36 C:\\laragon\\www\\nobl_backend\\vendor\\laravel\\framework\\src\\Illuminate\\Container\\BoundMethod.php(35): Illuminate\\Container\\BoundMethod::callBoundMethod(Object(Illuminate\\Foundation\\Application), Array, Object(Closure))\n#37 C:\\laragon\\www\\nobl_backend\\vendor\\laravel\\framework\\src\\Illuminate\\Container\\Container.php(754): Illuminate\\Container\\BoundMethod::call(Object(Illuminate\\Foundation\\Application), Array, Array, NULL)\n#38 C:\\laragon\\www\\nobl_backend\\vendor\\laravel\\framework\\src\\Illuminate\\Console\\Command.php(211): Illuminate\\Container\\Container->call(Array)\n#39 C:\\laragon\\www\\nobl_backend\\vendor\\symfony\\console\\Command\\Command.php(279): Illuminate\\Console\\Command->execute(Object(Symfony\\Component\\Console\\Input\\ArgvInput), Object(Illuminate\\Console\\OutputStyle))\n#40 C:\\laragon\\www\\nobl_backend\\vendor\\laravel\\framework\\src\\Illuminate\\Console\\Command.php(180): Symfony\\Component\\Console\\Command\\Command->run(Object(Symfony\\Component\\Console\\Input\\ArgvInput), Object(Illuminate\\Console\\OutputStyle))\n#41 C:\\laragon\\www\\nobl_backend\\vendor\\symfony\\console\\Application.php(1094): Illuminate\\Console\\Command->run(Object(Symfony\\Component\\Console\\Input\\ArgvInput), Object(Symfony\\Component\\Console\\Output\\ConsoleOutput))\n#42 C:\\laragon\\www\\nobl_backend\\vendor\\symfony\\console\\Application.php(342): Symfony\\Component\\Console\\Application->doRunCommand(Object(Illuminate\\Queue\\Console\\WorkCommand), Object(Symfony\\Component\\Console\\Input\\ArgvInput), Object(Symfony\\Component\\Console\\Output\\ConsoleOutput))\n#43 C:\\laragon\\www\\nobl_backend\\vendor\\symfony\\console\\Application.php(193): Symfony\\Component\\Console\\Application->doRun(Object(Symfony\\Component\\Console\\Input\\ArgvInput), Object(Symfony\\Component\\Console\\Output\\ConsoleOutput))\n#44 C:\\laragon\\www\\nobl_backend\\vendor\\laravel\\framework\\src\\Illuminate\\Foundation\\Console\\Kernel.php(197): Symfony\\Component\\Console\\Application->run(Object(Symfony\\Component\\Console\\Input\\ArgvInput), Object(Symfony\\Component\\Console\\Output\\ConsoleOutput))\n#45 C:\\laragon\\www\\nobl_backend\\vendor\\laravel\\framework\\src\\Illuminate\\Foundation\\Application.php(1234): Illuminate\\Foundation\\Console\\Kernel->handle(Object(Symfony\\Component\\Console\\Input\\ArgvInput), Object(Symfony\\Component\\Console\\Output\\ConsoleOutput))\n#46 C:\\laragon\\www\\nobl_backend\\artisan(16): Illuminate\\Foundation\\Application->handleCommand(Object(Symfony\\Component\\Console\\Input\\ArgvInput))\n#47 {main}', '2025-05-29 00:04:50'),
(3, '1eae9cd1-e2e4-4991-9ab3-95c758ba7d7e', 'database', 'default', '{\"uuid\":\"1eae9cd1-e2e4-4991-9ab3-95c758ba7d7e\",\"displayName\":\"App\\\\Mail\\\\OtpMail\",\"job\":\"Illuminate\\\\Queue\\\\CallQueuedHandler@call\",\"maxTries\":null,\"maxExceptions\":null,\"failOnTimeout\":false,\"backoff\":null,\"timeout\":null,\"retryUntil\":null,\"data\":{\"commandName\":\"Illuminate\\\\Mail\\\\SendQueuedMailable\",\"command\":\"O:34:\\\"Illuminate\\\\Mail\\\\SendQueuedMailable\\\":15:{s:8:\\\"mailable\\\";O:16:\\\"App\\\\Mail\\\\OtpMail\\\":3:{s:3:\\\"otp\\\";i:115532;s:2:\\\"to\\\";a:1:{i:0;a:2:{s:4:\\\"name\\\";N;s:7:\\\"address\\\";s:15:\\\"admin@gmail.com\\\";}}s:6:\\\"mailer\\\";s:4:\\\"smtp\\\";}s:5:\\\"tries\\\";N;s:7:\\\"timeout\\\";N;s:13:\\\"maxExceptions\\\";N;s:17:\\\"shouldBeEncrypted\\\";b:0;s:10:\\\"connection\\\";N;s:5:\\\"queue\\\";N;s:5:\\\"delay\\\";N;s:11:\\\"afterCommit\\\";N;s:10:\\\"middleware\\\";a:0:{}s:7:\\\"chained\\\";a:0:{}s:15:\\\"chainConnection\\\";N;s:10:\\\"chainQueue\\\";N;s:19:\\\"chainCatchCallbacks\\\";N;s:3:\\\"job\\\";N;}\"}}', 'Symfony\\Component\\Mailer\\Exception\\TransportException: Failed to authenticate on SMTP server with username \"17b0d7e41c26f2\" using the following authenticators: \"CRAM-MD5\", \"LOGIN\", \"PLAIN\". Authenticator \"CRAM-MD5\" returned \"Expected response code \"235\" but got code \"535\", with message \"535 5.7.0 Invalid credentials\".\". Authenticator \"LOGIN\" returned \"Expected response code \"334\" but got empty code.\". Authenticator \"PLAIN\" returned \"Expected response code \"235\" but got empty code.\". in C:\\laragon\\www\\nobl_backend\\vendor\\symfony\\mailer\\Transport\\Smtp\\EsmtpTransport.php:247\nStack trace:\n#0 C:\\laragon\\www\\nobl_backend\\vendor\\symfony\\mailer\\Transport\\Smtp\\EsmtpTransport.php(177): Symfony\\Component\\Mailer\\Transport\\Smtp\\EsmtpTransport->handleAuth(Array)\n#1 C:\\laragon\\www\\nobl_backend\\vendor\\symfony\\mailer\\Transport\\Smtp\\EsmtpTransport.php(134): Symfony\\Component\\Mailer\\Transport\\Smtp\\EsmtpTransport->doEhloCommand()\n#2 C:\\laragon\\www\\nobl_backend\\vendor\\symfony\\mailer\\Transport\\Smtp\\SmtpTransport.php(255): Symfony\\Component\\Mailer\\Transport\\Smtp\\EsmtpTransport->executeCommand(\'HELO localhost\\r...\', Array)\n#3 C:\\laragon\\www\\nobl_backend\\vendor\\symfony\\mailer\\Transport\\Smtp\\SmtpTransport.php(281): Symfony\\Component\\Mailer\\Transport\\Smtp\\SmtpTransport->doHeloCommand()\n#4 C:\\laragon\\www\\nobl_backend\\vendor\\symfony\\mailer\\Transport\\Smtp\\SmtpTransport.php(211): Symfony\\Component\\Mailer\\Transport\\Smtp\\SmtpTransport->start()\n#5 C:\\laragon\\www\\nobl_backend\\vendor\\symfony\\mailer\\Transport\\AbstractTransport.php(69): Symfony\\Component\\Mailer\\Transport\\Smtp\\SmtpTransport->doSend(Object(Symfony\\Component\\Mailer\\SentMessage))\n#6 C:\\laragon\\www\\nobl_backend\\vendor\\symfony\\mailer\\Transport\\Smtp\\SmtpTransport.php(138): Symfony\\Component\\Mailer\\Transport\\AbstractTransport->send(Object(Symfony\\Component\\Mime\\Email), Object(Symfony\\Component\\Mailer\\DelayedEnvelope))\n#7 C:\\laragon\\www\\nobl_backend\\vendor\\laravel\\framework\\src\\Illuminate\\Mail\\Mailer.php(584): Symfony\\Component\\Mailer\\Transport\\Smtp\\SmtpTransport->send(Object(Symfony\\Component\\Mime\\Email), Object(Symfony\\Component\\Mailer\\DelayedEnvelope))\n#8 C:\\laragon\\www\\nobl_backend\\vendor\\laravel\\framework\\src\\Illuminate\\Mail\\Mailer.php(331): Illuminate\\Mail\\Mailer->sendSymfonyMessage(Object(Symfony\\Component\\Mime\\Email))\n#9 C:\\laragon\\www\\nobl_backend\\vendor\\laravel\\framework\\src\\Illuminate\\Mail\\Mailable.php(206): Illuminate\\Mail\\Mailer->send(\'email.otp\', Array, Object(Closure))\n#10 C:\\laragon\\www\\nobl_backend\\vendor\\laravel\\framework\\src\\Illuminate\\Support\\Traits\\Localizable.php(19): Illuminate\\Mail\\Mailable->Illuminate\\Mail\\{closure}()\n#11 C:\\laragon\\www\\nobl_backend\\vendor\\laravel\\framework\\src\\Illuminate\\Mail\\Mailable.php(199): Illuminate\\Mail\\Mailable->withLocale(NULL, Object(Closure))\n#12 C:\\laragon\\www\\nobl_backend\\vendor\\laravel\\framework\\src\\Illuminate\\Mail\\SendQueuedMailable.php(82): Illuminate\\Mail\\Mailable->send(Object(Illuminate\\Mail\\MailManager))\n#13 C:\\laragon\\www\\nobl_backend\\vendor\\laravel\\framework\\src\\Illuminate\\Container\\BoundMethod.php(36): Illuminate\\Mail\\SendQueuedMailable->handle(Object(Illuminate\\Mail\\MailManager))\n#14 C:\\laragon\\www\\nobl_backend\\vendor\\laravel\\framework\\src\\Illuminate\\Container\\Util.php(43): Illuminate\\Container\\BoundMethod::Illuminate\\Container\\{closure}()\n#15 C:\\laragon\\www\\nobl_backend\\vendor\\laravel\\framework\\src\\Illuminate\\Container\\BoundMethod.php(96): Illuminate\\Container\\Util::unwrapIfClosure(Object(Closure))\n#16 C:\\laragon\\www\\nobl_backend\\vendor\\laravel\\framework\\src\\Illuminate\\Container\\BoundMethod.php(35): Illuminate\\Container\\BoundMethod::callBoundMethod(Object(Illuminate\\Foundation\\Application), Array, Object(Closure))\n#17 C:\\laragon\\www\\nobl_backend\\vendor\\laravel\\framework\\src\\Illuminate\\Container\\Container.php(754): Illuminate\\Container\\BoundMethod::call(Object(Illuminate\\Foundation\\Application), Array, Array, NULL)\n#18 C:\\laragon\\www\\nobl_backend\\vendor\\laravel\\framework\\src\\Illuminate\\Bus\\Dispatcher.php(125): Illuminate\\Container\\Container->call(Array)\n#19 C:\\laragon\\www\\nobl_backend\\vendor\\laravel\\framework\\src\\Illuminate\\Pipeline\\Pipeline.php(169): Illuminate\\Bus\\Dispatcher->Illuminate\\Bus\\{closure}(Object(Illuminate\\Mail\\SendQueuedMailable))\n#20 C:\\laragon\\www\\nobl_backend\\vendor\\laravel\\framework\\src\\Illuminate\\Pipeline\\Pipeline.php(126): Illuminate\\Pipeline\\Pipeline->Illuminate\\Pipeline\\{closure}(Object(Illuminate\\Mail\\SendQueuedMailable))\n#21 C:\\laragon\\www\\nobl_backend\\vendor\\laravel\\framework\\src\\Illuminate\\Bus\\Dispatcher.php(129): Illuminate\\Pipeline\\Pipeline->then(Object(Closure))\n#22 C:\\laragon\\www\\nobl_backend\\vendor\\laravel\\framework\\src\\Illuminate\\Queue\\CallQueuedHandler.php(125): Illuminate\\Bus\\Dispatcher->dispatchNow(Object(Illuminate\\Mail\\SendQueuedMailable), false)\n#23 C:\\laragon\\www\\nobl_backend\\vendor\\laravel\\framework\\src\\Illuminate\\Pipeline\\Pipeline.php(169): Illuminate\\Queue\\CallQueuedHandler->Illuminate\\Queue\\{closure}(Object(Illuminate\\Mail\\SendQueuedMailable))\n#24 C:\\laragon\\www\\nobl_backend\\vendor\\laravel\\framework\\src\\Illuminate\\Pipeline\\Pipeline.php(126): Illuminate\\Pipeline\\Pipeline->Illuminate\\Pipeline\\{closure}(Object(Illuminate\\Mail\\SendQueuedMailable))\n#25 C:\\laragon\\www\\nobl_backend\\vendor\\laravel\\framework\\src\\Illuminate\\Queue\\CallQueuedHandler.php(120): Illuminate\\Pipeline\\Pipeline->then(Object(Closure))\n#26 C:\\laragon\\www\\nobl_backend\\vendor\\laravel\\framework\\src\\Illuminate\\Queue\\CallQueuedHandler.php(68): Illuminate\\Queue\\CallQueuedHandler->dispatchThroughMiddleware(Object(Illuminate\\Queue\\Jobs\\DatabaseJob), Object(Illuminate\\Mail\\SendQueuedMailable))\n#27 C:\\laragon\\www\\nobl_backend\\vendor\\laravel\\framework\\src\\Illuminate\\Queue\\Jobs\\Job.php(102): Illuminate\\Queue\\CallQueuedHandler->call(Object(Illuminate\\Queue\\Jobs\\DatabaseJob), Array)\n#28 C:\\laragon\\www\\nobl_backend\\vendor\\laravel\\framework\\src\\Illuminate\\Queue\\Worker.php(441): Illuminate\\Queue\\Jobs\\Job->fire()\n#29 C:\\laragon\\www\\nobl_backend\\vendor\\laravel\\framework\\src\\Illuminate\\Queue\\Worker.php(391): Illuminate\\Queue\\Worker->process(\'database\', Object(Illuminate\\Queue\\Jobs\\DatabaseJob), Object(Illuminate\\Queue\\WorkerOptions))\n#30 C:\\laragon\\www\\nobl_backend\\vendor\\laravel\\framework\\src\\Illuminate\\Queue\\Worker.php(177): Illuminate\\Queue\\Worker->runJob(Object(Illuminate\\Queue\\Jobs\\DatabaseJob), \'database\', Object(Illuminate\\Queue\\WorkerOptions))\n#31 C:\\laragon\\www\\nobl_backend\\vendor\\laravel\\framework\\src\\Illuminate\\Queue\\Console\\WorkCommand.php(148): Illuminate\\Queue\\Worker->daemon(\'database\', \'default\', Object(Illuminate\\Queue\\WorkerOptions))\n#32 C:\\laragon\\www\\nobl_backend\\vendor\\laravel\\framework\\src\\Illuminate\\Queue\\Console\\WorkCommand.php(131): Illuminate\\Queue\\Console\\WorkCommand->runWorker(\'database\', \'default\')\n#33 C:\\laragon\\www\\nobl_backend\\vendor\\laravel\\framework\\src\\Illuminate\\Container\\BoundMethod.php(36): Illuminate\\Queue\\Console\\WorkCommand->handle()\n#34 C:\\laragon\\www\\nobl_backend\\vendor\\laravel\\framework\\src\\Illuminate\\Container\\Util.php(43): Illuminate\\Container\\BoundMethod::Illuminate\\Container\\{closure}()\n#35 C:\\laragon\\www\\nobl_backend\\vendor\\laravel\\framework\\src\\Illuminate\\Container\\BoundMethod.php(96): Illuminate\\Container\\Util::unwrapIfClosure(Object(Closure))\n#36 C:\\laragon\\www\\nobl_backend\\vendor\\laravel\\framework\\src\\Illuminate\\Container\\BoundMethod.php(35): Illuminate\\Container\\BoundMethod::callBoundMethod(Object(Illuminate\\Foundation\\Application), Array, Object(Closure))\n#37 C:\\laragon\\www\\nobl_backend\\vendor\\laravel\\framework\\src\\Illuminate\\Container\\Container.php(754): Illuminate\\Container\\BoundMethod::call(Object(Illuminate\\Foundation\\Application), Array, Array, NULL)\n#38 C:\\laragon\\www\\nobl_backend\\vendor\\laravel\\framework\\src\\Illuminate\\Console\\Command.php(211): Illuminate\\Container\\Container->call(Array)\n#39 C:\\laragon\\www\\nobl_backend\\vendor\\symfony\\console\\Command\\Command.php(279): Illuminate\\Console\\Command->execute(Object(Symfony\\Component\\Console\\Input\\ArgvInput), Object(Illuminate\\Console\\OutputStyle))\n#40 C:\\laragon\\www\\nobl_backend\\vendor\\laravel\\framework\\src\\Illuminate\\Console\\Command.php(180): Symfony\\Component\\Console\\Command\\Command->run(Object(Symfony\\Component\\Console\\Input\\ArgvInput), Object(Illuminate\\Console\\OutputStyle))\n#41 C:\\laragon\\www\\nobl_backend\\vendor\\symfony\\console\\Application.php(1094): Illuminate\\Console\\Command->run(Object(Symfony\\Component\\Console\\Input\\ArgvInput), Object(Symfony\\Component\\Console\\Output\\ConsoleOutput))\n#42 C:\\laragon\\www\\nobl_backend\\vendor\\symfony\\console\\Application.php(342): Symfony\\Component\\Console\\Application->doRunCommand(Object(Illuminate\\Queue\\Console\\WorkCommand), Object(Symfony\\Component\\Console\\Input\\ArgvInput), Object(Symfony\\Component\\Console\\Output\\ConsoleOutput))\n#43 C:\\laragon\\www\\nobl_backend\\vendor\\symfony\\console\\Application.php(193): Symfony\\Component\\Console\\Application->doRun(Object(Symfony\\Component\\Console\\Input\\ArgvInput), Object(Symfony\\Component\\Console\\Output\\ConsoleOutput))\n#44 C:\\laragon\\www\\nobl_backend\\vendor\\laravel\\framework\\src\\Illuminate\\Foundation\\Console\\Kernel.php(197): Symfony\\Component\\Console\\Application->run(Object(Symfony\\Component\\Console\\Input\\ArgvInput), Object(Symfony\\Component\\Console\\Output\\ConsoleOutput))\n#45 C:\\laragon\\www\\nobl_backend\\vendor\\laravel\\framework\\src\\Illuminate\\Foundation\\Application.php(1234): Illuminate\\Foundation\\Console\\Kernel->handle(Object(Symfony\\Component\\Console\\Input\\ArgvInput), Object(Symfony\\Component\\Console\\Output\\ConsoleOutput))\n#46 C:\\laragon\\www\\nobl_backend\\artisan(16): Illuminate\\Foundation\\Application->handleCommand(Object(Symfony\\Component\\Console\\Input\\ArgvInput))\n#47 {main}', '2025-05-29 00:04:54'),
(4, '1bc03d59-2a52-490b-b7d2-8c00faf720d5', 'database', 'default', '{\"uuid\":\"1bc03d59-2a52-490b-b7d2-8c00faf720d5\",\"displayName\":\"App\\\\Mail\\\\OtpMail\",\"job\":\"Illuminate\\\\Queue\\\\CallQueuedHandler@call\",\"maxTries\":null,\"maxExceptions\":null,\"failOnTimeout\":false,\"backoff\":null,\"timeout\":null,\"retryUntil\":null,\"data\":{\"commandName\":\"Illuminate\\\\Mail\\\\SendQueuedMailable\",\"command\":\"O:34:\\\"Illuminate\\\\Mail\\\\SendQueuedMailable\\\":15:{s:8:\\\"mailable\\\";O:16:\\\"App\\\\Mail\\\\OtpMail\\\":3:{s:3:\\\"otp\\\";i:557278;s:2:\\\"to\\\";a:1:{i:0;a:2:{s:4:\\\"name\\\";N;s:7:\\\"address\\\";s:15:\\\"admin@gmail.com\\\";}}s:6:\\\"mailer\\\";s:4:\\\"smtp\\\";}s:5:\\\"tries\\\";N;s:7:\\\"timeout\\\";N;s:13:\\\"maxExceptions\\\";N;s:17:\\\"shouldBeEncrypted\\\";b:0;s:10:\\\"connection\\\";N;s:5:\\\"queue\\\";N;s:5:\\\"delay\\\";N;s:11:\\\"afterCommit\\\";N;s:10:\\\"middleware\\\";a:0:{}s:7:\\\"chained\\\";a:0:{}s:15:\\\"chainConnection\\\";N;s:10:\\\"chainQueue\\\";N;s:19:\\\"chainCatchCallbacks\\\";N;s:3:\\\"job\\\";N;}\"}}', 'Symfony\\Component\\Mailer\\Exception\\TransportException: Failed to authenticate on SMTP server with username \"17b0d7e41c26f2\" using the following authenticators: \"CRAM-MD5\", \"LOGIN\", \"PLAIN\". Authenticator \"CRAM-MD5\" returned \"Expected response code \"235\" but got code \"535\", with message \"535 5.7.0 Invalid credentials\".\". Authenticator \"LOGIN\" returned \"Expected response code \"334\" but got empty code.\". Authenticator \"PLAIN\" returned \"Expected response code \"235\" but got empty code.\". in C:\\laragon\\www\\nobl_backend\\vendor\\symfony\\mailer\\Transport\\Smtp\\EsmtpTransport.php:247\nStack trace:\n#0 C:\\laragon\\www\\nobl_backend\\vendor\\symfony\\mailer\\Transport\\Smtp\\EsmtpTransport.php(177): Symfony\\Component\\Mailer\\Transport\\Smtp\\EsmtpTransport->handleAuth(Array)\n#1 C:\\laragon\\www\\nobl_backend\\vendor\\symfony\\mailer\\Transport\\Smtp\\EsmtpTransport.php(134): Symfony\\Component\\Mailer\\Transport\\Smtp\\EsmtpTransport->doEhloCommand()\n#2 C:\\laragon\\www\\nobl_backend\\vendor\\symfony\\mailer\\Transport\\Smtp\\SmtpTransport.php(255): Symfony\\Component\\Mailer\\Transport\\Smtp\\EsmtpTransport->executeCommand(\'HELO localhost\\r...\', Array)\n#3 C:\\laragon\\www\\nobl_backend\\vendor\\symfony\\mailer\\Transport\\Smtp\\SmtpTransport.php(281): Symfony\\Component\\Mailer\\Transport\\Smtp\\SmtpTransport->doHeloCommand()\n#4 C:\\laragon\\www\\nobl_backend\\vendor\\symfony\\mailer\\Transport\\Smtp\\SmtpTransport.php(211): Symfony\\Component\\Mailer\\Transport\\Smtp\\SmtpTransport->start()\n#5 C:\\laragon\\www\\nobl_backend\\vendor\\symfony\\mailer\\Transport\\AbstractTransport.php(69): Symfony\\Component\\Mailer\\Transport\\Smtp\\SmtpTransport->doSend(Object(Symfony\\Component\\Mailer\\SentMessage))\n#6 C:\\laragon\\www\\nobl_backend\\vendor\\symfony\\mailer\\Transport\\Smtp\\SmtpTransport.php(138): Symfony\\Component\\Mailer\\Transport\\AbstractTransport->send(Object(Symfony\\Component\\Mime\\Email), Object(Symfony\\Component\\Mailer\\DelayedEnvelope))\n#7 C:\\laragon\\www\\nobl_backend\\vendor\\laravel\\framework\\src\\Illuminate\\Mail\\Mailer.php(584): Symfony\\Component\\Mailer\\Transport\\Smtp\\SmtpTransport->send(Object(Symfony\\Component\\Mime\\Email), Object(Symfony\\Component\\Mailer\\DelayedEnvelope))\n#8 C:\\laragon\\www\\nobl_backend\\vendor\\laravel\\framework\\src\\Illuminate\\Mail\\Mailer.php(331): Illuminate\\Mail\\Mailer->sendSymfonyMessage(Object(Symfony\\Component\\Mime\\Email))\n#9 C:\\laragon\\www\\nobl_backend\\vendor\\laravel\\framework\\src\\Illuminate\\Mail\\Mailable.php(206): Illuminate\\Mail\\Mailer->send(\'email.otp\', Array, Object(Closure))\n#10 C:\\laragon\\www\\nobl_backend\\vendor\\laravel\\framework\\src\\Illuminate\\Support\\Traits\\Localizable.php(19): Illuminate\\Mail\\Mailable->Illuminate\\Mail\\{closure}()\n#11 C:\\laragon\\www\\nobl_backend\\vendor\\laravel\\framework\\src\\Illuminate\\Mail\\Mailable.php(199): Illuminate\\Mail\\Mailable->withLocale(NULL, Object(Closure))\n#12 C:\\laragon\\www\\nobl_backend\\vendor\\laravel\\framework\\src\\Illuminate\\Mail\\SendQueuedMailable.php(82): Illuminate\\Mail\\Mailable->send(Object(Illuminate\\Mail\\MailManager))\n#13 C:\\laragon\\www\\nobl_backend\\vendor\\laravel\\framework\\src\\Illuminate\\Container\\BoundMethod.php(36): Illuminate\\Mail\\SendQueuedMailable->handle(Object(Illuminate\\Mail\\MailManager))\n#14 C:\\laragon\\www\\nobl_backend\\vendor\\laravel\\framework\\src\\Illuminate\\Container\\Util.php(43): Illuminate\\Container\\BoundMethod::Illuminate\\Container\\{closure}()\n#15 C:\\laragon\\www\\nobl_backend\\vendor\\laravel\\framework\\src\\Illuminate\\Container\\BoundMethod.php(96): Illuminate\\Container\\Util::unwrapIfClosure(Object(Closure))\n#16 C:\\laragon\\www\\nobl_backend\\vendor\\laravel\\framework\\src\\Illuminate\\Container\\BoundMethod.php(35): Illuminate\\Container\\BoundMethod::callBoundMethod(Object(Illuminate\\Foundation\\Application), Array, Object(Closure))\n#17 C:\\laragon\\www\\nobl_backend\\vendor\\laravel\\framework\\src\\Illuminate\\Container\\Container.php(754): Illuminate\\Container\\BoundMethod::call(Object(Illuminate\\Foundation\\Application), Array, Array, NULL)\n#18 C:\\laragon\\www\\nobl_backend\\vendor\\laravel\\framework\\src\\Illuminate\\Bus\\Dispatcher.php(125): Illuminate\\Container\\Container->call(Array)\n#19 C:\\laragon\\www\\nobl_backend\\vendor\\laravel\\framework\\src\\Illuminate\\Pipeline\\Pipeline.php(169): Illuminate\\Bus\\Dispatcher->Illuminate\\Bus\\{closure}(Object(Illuminate\\Mail\\SendQueuedMailable))\n#20 C:\\laragon\\www\\nobl_backend\\vendor\\laravel\\framework\\src\\Illuminate\\Pipeline\\Pipeline.php(126): Illuminate\\Pipeline\\Pipeline->Illuminate\\Pipeline\\{closure}(Object(Illuminate\\Mail\\SendQueuedMailable))\n#21 C:\\laragon\\www\\nobl_backend\\vendor\\laravel\\framework\\src\\Illuminate\\Bus\\Dispatcher.php(129): Illuminate\\Pipeline\\Pipeline->then(Object(Closure))\n#22 C:\\laragon\\www\\nobl_backend\\vendor\\laravel\\framework\\src\\Illuminate\\Queue\\CallQueuedHandler.php(125): Illuminate\\Bus\\Dispatcher->dispatchNow(Object(Illuminate\\Mail\\SendQueuedMailable), false)\n#23 C:\\laragon\\www\\nobl_backend\\vendor\\laravel\\framework\\src\\Illuminate\\Pipeline\\Pipeline.php(169): Illuminate\\Queue\\CallQueuedHandler->Illuminate\\Queue\\{closure}(Object(Illuminate\\Mail\\SendQueuedMailable))\n#24 C:\\laragon\\www\\nobl_backend\\vendor\\laravel\\framework\\src\\Illuminate\\Pipeline\\Pipeline.php(126): Illuminate\\Pipeline\\Pipeline->Illuminate\\Pipeline\\{closure}(Object(Illuminate\\Mail\\SendQueuedMailable))\n#25 C:\\laragon\\www\\nobl_backend\\vendor\\laravel\\framework\\src\\Illuminate\\Queue\\CallQueuedHandler.php(120): Illuminate\\Pipeline\\Pipeline->then(Object(Closure))\n#26 C:\\laragon\\www\\nobl_backend\\vendor\\laravel\\framework\\src\\Illuminate\\Queue\\CallQueuedHandler.php(68): Illuminate\\Queue\\CallQueuedHandler->dispatchThroughMiddleware(Object(Illuminate\\Queue\\Jobs\\DatabaseJob), Object(Illuminate\\Mail\\SendQueuedMailable))\n#27 C:\\laragon\\www\\nobl_backend\\vendor\\laravel\\framework\\src\\Illuminate\\Queue\\Jobs\\Job.php(102): Illuminate\\Queue\\CallQueuedHandler->call(Object(Illuminate\\Queue\\Jobs\\DatabaseJob), Array)\n#28 C:\\laragon\\www\\nobl_backend\\vendor\\laravel\\framework\\src\\Illuminate\\Queue\\Worker.php(441): Illuminate\\Queue\\Jobs\\Job->fire()\n#29 C:\\laragon\\www\\nobl_backend\\vendor\\laravel\\framework\\src\\Illuminate\\Queue\\Worker.php(391): Illuminate\\Queue\\Worker->process(\'database\', Object(Illuminate\\Queue\\Jobs\\DatabaseJob), Object(Illuminate\\Queue\\WorkerOptions))\n#30 C:\\laragon\\www\\nobl_backend\\vendor\\laravel\\framework\\src\\Illuminate\\Queue\\Worker.php(177): Illuminate\\Queue\\Worker->runJob(Object(Illuminate\\Queue\\Jobs\\DatabaseJob), \'database\', Object(Illuminate\\Queue\\WorkerOptions))\n#31 C:\\laragon\\www\\nobl_backend\\vendor\\laravel\\framework\\src\\Illuminate\\Queue\\Console\\WorkCommand.php(148): Illuminate\\Queue\\Worker->daemon(\'database\', \'default\', Object(Illuminate\\Queue\\WorkerOptions))\n#32 C:\\laragon\\www\\nobl_backend\\vendor\\laravel\\framework\\src\\Illuminate\\Queue\\Console\\WorkCommand.php(131): Illuminate\\Queue\\Console\\WorkCommand->runWorker(\'database\', \'default\')\n#33 C:\\laragon\\www\\nobl_backend\\vendor\\laravel\\framework\\src\\Illuminate\\Container\\BoundMethod.php(36): Illuminate\\Queue\\Console\\WorkCommand->handle()\n#34 C:\\laragon\\www\\nobl_backend\\vendor\\laravel\\framework\\src\\Illuminate\\Container\\Util.php(43): Illuminate\\Container\\BoundMethod::Illuminate\\Container\\{closure}()\n#35 C:\\laragon\\www\\nobl_backend\\vendor\\laravel\\framework\\src\\Illuminate\\Container\\BoundMethod.php(96): Illuminate\\Container\\Util::unwrapIfClosure(Object(Closure))\n#36 C:\\laragon\\www\\nobl_backend\\vendor\\laravel\\framework\\src\\Illuminate\\Container\\BoundMethod.php(35): Illuminate\\Container\\BoundMethod::callBoundMethod(Object(Illuminate\\Foundation\\Application), Array, Object(Closure))\n#37 C:\\laragon\\www\\nobl_backend\\vendor\\laravel\\framework\\src\\Illuminate\\Container\\Container.php(754): Illuminate\\Container\\BoundMethod::call(Object(Illuminate\\Foundation\\Application), Array, Array, NULL)\n#38 C:\\laragon\\www\\nobl_backend\\vendor\\laravel\\framework\\src\\Illuminate\\Console\\Command.php(211): Illuminate\\Container\\Container->call(Array)\n#39 C:\\laragon\\www\\nobl_backend\\vendor\\symfony\\console\\Command\\Command.php(279): Illuminate\\Console\\Command->execute(Object(Symfony\\Component\\Console\\Input\\ArgvInput), Object(Illuminate\\Console\\OutputStyle))\n#40 C:\\laragon\\www\\nobl_backend\\vendor\\laravel\\framework\\src\\Illuminate\\Console\\Command.php(180): Symfony\\Component\\Console\\Command\\Command->run(Object(Symfony\\Component\\Console\\Input\\ArgvInput), Object(Illuminate\\Console\\OutputStyle))\n#41 C:\\laragon\\www\\nobl_backend\\vendor\\symfony\\console\\Application.php(1094): Illuminate\\Console\\Command->run(Object(Symfony\\Component\\Console\\Input\\ArgvInput), Object(Symfony\\Component\\Console\\Output\\ConsoleOutput))\n#42 C:\\laragon\\www\\nobl_backend\\vendor\\symfony\\console\\Application.php(342): Symfony\\Component\\Console\\Application->doRunCommand(Object(Illuminate\\Queue\\Console\\WorkCommand), Object(Symfony\\Component\\Console\\Input\\ArgvInput), Object(Symfony\\Component\\Console\\Output\\ConsoleOutput))\n#43 C:\\laragon\\www\\nobl_backend\\vendor\\symfony\\console\\Application.php(193): Symfony\\Component\\Console\\Application->doRun(Object(Symfony\\Component\\Console\\Input\\ArgvInput), Object(Symfony\\Component\\Console\\Output\\ConsoleOutput))\n#44 C:\\laragon\\www\\nobl_backend\\vendor\\laravel\\framework\\src\\Illuminate\\Foundation\\Console\\Kernel.php(197): Symfony\\Component\\Console\\Application->run(Object(Symfony\\Component\\Console\\Input\\ArgvInput), Object(Symfony\\Component\\Console\\Output\\ConsoleOutput))\n#45 C:\\laragon\\www\\nobl_backend\\vendor\\laravel\\framework\\src\\Illuminate\\Foundation\\Application.php(1234): Illuminate\\Foundation\\Console\\Kernel->handle(Object(Symfony\\Component\\Console\\Input\\ArgvInput), Object(Symfony\\Component\\Console\\Output\\ConsoleOutput))\n#46 C:\\laragon\\www\\nobl_backend\\artisan(16): Illuminate\\Foundation\\Application->handleCommand(Object(Symfony\\Component\\Console\\Input\\ArgvInput))\n#47 {main}', '2025-05-29 00:04:57');
INSERT INTO `failed_jobs` (`id`, `uuid`, `connection`, `queue`, `payload`, `exception`, `failed_at`) VALUES
(5, 'c7316d6f-aeec-4bf9-b1cb-fcad96e6989f', 'database', 'default', '{\"uuid\":\"c7316d6f-aeec-4bf9-b1cb-fcad96e6989f\",\"displayName\":\"App\\\\Mail\\\\OtpMail\",\"job\":\"Illuminate\\\\Queue\\\\CallQueuedHandler@call\",\"maxTries\":null,\"maxExceptions\":null,\"failOnTimeout\":false,\"backoff\":null,\"timeout\":null,\"retryUntil\":null,\"data\":{\"commandName\":\"Illuminate\\\\Mail\\\\SendQueuedMailable\",\"command\":\"O:34:\\\"Illuminate\\\\Mail\\\\SendQueuedMailable\\\":15:{s:8:\\\"mailable\\\";O:16:\\\"App\\\\Mail\\\\OtpMail\\\":3:{s:3:\\\"otp\\\";i:897316;s:2:\\\"to\\\";a:1:{i:0;a:2:{s:4:\\\"name\\\";N;s:7:\\\"address\\\";s:15:\\\"admin@gmail.com\\\";}}s:6:\\\"mailer\\\";s:4:\\\"smtp\\\";}s:5:\\\"tries\\\";N;s:7:\\\"timeout\\\";N;s:13:\\\"maxExceptions\\\";N;s:17:\\\"shouldBeEncrypted\\\";b:0;s:10:\\\"connection\\\";N;s:5:\\\"queue\\\";N;s:5:\\\"delay\\\";N;s:11:\\\"afterCommit\\\";N;s:10:\\\"middleware\\\";a:0:{}s:7:\\\"chained\\\";a:0:{}s:15:\\\"chainConnection\\\";N;s:10:\\\"chainQueue\\\";N;s:19:\\\"chainCatchCallbacks\\\";N;s:3:\\\"job\\\";N;}\"}}', 'Symfony\\Component\\Mailer\\Exception\\TransportException: Failed to authenticate on SMTP server with username \"17b0d7e41c26f2\" using the following authenticators: \"CRAM-MD5\", \"LOGIN\", \"PLAIN\". Authenticator \"CRAM-MD5\" returned \"Expected response code \"235\" but got code \"535\", with message \"535 5.7.0 Invalid credentials\".\". Authenticator \"LOGIN\" returned \"Expected response code \"334\" but got empty code.\". Authenticator \"PLAIN\" returned \"Expected response code \"235\" but got empty code.\". in C:\\laragon\\www\\nobl_backend\\vendor\\symfony\\mailer\\Transport\\Smtp\\EsmtpTransport.php:247\nStack trace:\n#0 C:\\laragon\\www\\nobl_backend\\vendor\\symfony\\mailer\\Transport\\Smtp\\EsmtpTransport.php(177): Symfony\\Component\\Mailer\\Transport\\Smtp\\EsmtpTransport->handleAuth(Array)\n#1 C:\\laragon\\www\\nobl_backend\\vendor\\symfony\\mailer\\Transport\\Smtp\\EsmtpTransport.php(134): Symfony\\Component\\Mailer\\Transport\\Smtp\\EsmtpTransport->doEhloCommand()\n#2 C:\\laragon\\www\\nobl_backend\\vendor\\symfony\\mailer\\Transport\\Smtp\\SmtpTransport.php(255): Symfony\\Component\\Mailer\\Transport\\Smtp\\EsmtpTransport->executeCommand(\'HELO localhost\\r...\', Array)\n#3 C:\\laragon\\www\\nobl_backend\\vendor\\symfony\\mailer\\Transport\\Smtp\\SmtpTransport.php(281): Symfony\\Component\\Mailer\\Transport\\Smtp\\SmtpTransport->doHeloCommand()\n#4 C:\\laragon\\www\\nobl_backend\\vendor\\symfony\\mailer\\Transport\\Smtp\\SmtpTransport.php(211): Symfony\\Component\\Mailer\\Transport\\Smtp\\SmtpTransport->start()\n#5 C:\\laragon\\www\\nobl_backend\\vendor\\symfony\\mailer\\Transport\\AbstractTransport.php(69): Symfony\\Component\\Mailer\\Transport\\Smtp\\SmtpTransport->doSend(Object(Symfony\\Component\\Mailer\\SentMessage))\n#6 C:\\laragon\\www\\nobl_backend\\vendor\\symfony\\mailer\\Transport\\Smtp\\SmtpTransport.php(138): Symfony\\Component\\Mailer\\Transport\\AbstractTransport->send(Object(Symfony\\Component\\Mime\\Email), Object(Symfony\\Component\\Mailer\\DelayedEnvelope))\n#7 C:\\laragon\\www\\nobl_backend\\vendor\\laravel\\framework\\src\\Illuminate\\Mail\\Mailer.php(584): Symfony\\Component\\Mailer\\Transport\\Smtp\\SmtpTransport->send(Object(Symfony\\Component\\Mime\\Email), Object(Symfony\\Component\\Mailer\\DelayedEnvelope))\n#8 C:\\laragon\\www\\nobl_backend\\vendor\\laravel\\framework\\src\\Illuminate\\Mail\\Mailer.php(331): Illuminate\\Mail\\Mailer->sendSymfonyMessage(Object(Symfony\\Component\\Mime\\Email))\n#9 C:\\laragon\\www\\nobl_backend\\vendor\\laravel\\framework\\src\\Illuminate\\Mail\\Mailable.php(206): Illuminate\\Mail\\Mailer->send(\'email.otp\', Array, Object(Closure))\n#10 C:\\laragon\\www\\nobl_backend\\vendor\\laravel\\framework\\src\\Illuminate\\Support\\Traits\\Localizable.php(19): Illuminate\\Mail\\Mailable->Illuminate\\Mail\\{closure}()\n#11 C:\\laragon\\www\\nobl_backend\\vendor\\laravel\\framework\\src\\Illuminate\\Mail\\Mailable.php(199): Illuminate\\Mail\\Mailable->withLocale(NULL, Object(Closure))\n#12 C:\\laragon\\www\\nobl_backend\\vendor\\laravel\\framework\\src\\Illuminate\\Mail\\SendQueuedMailable.php(82): Illuminate\\Mail\\Mailable->send(Object(Illuminate\\Mail\\MailManager))\n#13 C:\\laragon\\www\\nobl_backend\\vendor\\laravel\\framework\\src\\Illuminate\\Container\\BoundMethod.php(36): Illuminate\\Mail\\SendQueuedMailable->handle(Object(Illuminate\\Mail\\MailManager))\n#14 C:\\laragon\\www\\nobl_backend\\vendor\\laravel\\framework\\src\\Illuminate\\Container\\Util.php(43): Illuminate\\Container\\BoundMethod::Illuminate\\Container\\{closure}()\n#15 C:\\laragon\\www\\nobl_backend\\vendor\\laravel\\framework\\src\\Illuminate\\Container\\BoundMethod.php(96): Illuminate\\Container\\Util::unwrapIfClosure(Object(Closure))\n#16 C:\\laragon\\www\\nobl_backend\\vendor\\laravel\\framework\\src\\Illuminate\\Container\\BoundMethod.php(35): Illuminate\\Container\\BoundMethod::callBoundMethod(Object(Illuminate\\Foundation\\Application), Array, Object(Closure))\n#17 C:\\laragon\\www\\nobl_backend\\vendor\\laravel\\framework\\src\\Illuminate\\Container\\Container.php(754): Illuminate\\Container\\BoundMethod::call(Object(Illuminate\\Foundation\\Application), Array, Array, NULL)\n#18 C:\\laragon\\www\\nobl_backend\\vendor\\laravel\\framework\\src\\Illuminate\\Bus\\Dispatcher.php(125): Illuminate\\Container\\Container->call(Array)\n#19 C:\\laragon\\www\\nobl_backend\\vendor\\laravel\\framework\\src\\Illuminate\\Pipeline\\Pipeline.php(169): Illuminate\\Bus\\Dispatcher->Illuminate\\Bus\\{closure}(Object(Illuminate\\Mail\\SendQueuedMailable))\n#20 C:\\laragon\\www\\nobl_backend\\vendor\\laravel\\framework\\src\\Illuminate\\Pipeline\\Pipeline.php(126): Illuminate\\Pipeline\\Pipeline->Illuminate\\Pipeline\\{closure}(Object(Illuminate\\Mail\\SendQueuedMailable))\n#21 C:\\laragon\\www\\nobl_backend\\vendor\\laravel\\framework\\src\\Illuminate\\Bus\\Dispatcher.php(129): Illuminate\\Pipeline\\Pipeline->then(Object(Closure))\n#22 C:\\laragon\\www\\nobl_backend\\vendor\\laravel\\framework\\src\\Illuminate\\Queue\\CallQueuedHandler.php(125): Illuminate\\Bus\\Dispatcher->dispatchNow(Object(Illuminate\\Mail\\SendQueuedMailable), false)\n#23 C:\\laragon\\www\\nobl_backend\\vendor\\laravel\\framework\\src\\Illuminate\\Pipeline\\Pipeline.php(169): Illuminate\\Queue\\CallQueuedHandler->Illuminate\\Queue\\{closure}(Object(Illuminate\\Mail\\SendQueuedMailable))\n#24 C:\\laragon\\www\\nobl_backend\\vendor\\laravel\\framework\\src\\Illuminate\\Pipeline\\Pipeline.php(126): Illuminate\\Pipeline\\Pipeline->Illuminate\\Pipeline\\{closure}(Object(Illuminate\\Mail\\SendQueuedMailable))\n#25 C:\\laragon\\www\\nobl_backend\\vendor\\laravel\\framework\\src\\Illuminate\\Queue\\CallQueuedHandler.php(120): Illuminate\\Pipeline\\Pipeline->then(Object(Closure))\n#26 C:\\laragon\\www\\nobl_backend\\vendor\\laravel\\framework\\src\\Illuminate\\Queue\\CallQueuedHandler.php(68): Illuminate\\Queue\\CallQueuedHandler->dispatchThroughMiddleware(Object(Illuminate\\Queue\\Jobs\\DatabaseJob), Object(Illuminate\\Mail\\SendQueuedMailable))\n#27 C:\\laragon\\www\\nobl_backend\\vendor\\laravel\\framework\\src\\Illuminate\\Queue\\Jobs\\Job.php(102): Illuminate\\Queue\\CallQueuedHandler->call(Object(Illuminate\\Queue\\Jobs\\DatabaseJob), Array)\n#28 C:\\laragon\\www\\nobl_backend\\vendor\\laravel\\framework\\src\\Illuminate\\Queue\\Worker.php(441): Illuminate\\Queue\\Jobs\\Job->fire()\n#29 C:\\laragon\\www\\nobl_backend\\vendor\\laravel\\framework\\src\\Illuminate\\Queue\\Worker.php(391): Illuminate\\Queue\\Worker->process(\'database\', Object(Illuminate\\Queue\\Jobs\\DatabaseJob), Object(Illuminate\\Queue\\WorkerOptions))\n#30 C:\\laragon\\www\\nobl_backend\\vendor\\laravel\\framework\\src\\Illuminate\\Queue\\Worker.php(177): Illuminate\\Queue\\Worker->runJob(Object(Illuminate\\Queue\\Jobs\\DatabaseJob), \'database\', Object(Illuminate\\Queue\\WorkerOptions))\n#31 C:\\laragon\\www\\nobl_backend\\vendor\\laravel\\framework\\src\\Illuminate\\Queue\\Console\\WorkCommand.php(148): Illuminate\\Queue\\Worker->daemon(\'database\', \'default\', Object(Illuminate\\Queue\\WorkerOptions))\n#32 C:\\laragon\\www\\nobl_backend\\vendor\\laravel\\framework\\src\\Illuminate\\Queue\\Console\\WorkCommand.php(131): Illuminate\\Queue\\Console\\WorkCommand->runWorker(\'database\', \'default\')\n#33 C:\\laragon\\www\\nobl_backend\\vendor\\laravel\\framework\\src\\Illuminate\\Container\\BoundMethod.php(36): Illuminate\\Queue\\Console\\WorkCommand->handle()\n#34 C:\\laragon\\www\\nobl_backend\\vendor\\laravel\\framework\\src\\Illuminate\\Container\\Util.php(43): Illuminate\\Container\\BoundMethod::Illuminate\\Container\\{closure}()\n#35 C:\\laragon\\www\\nobl_backend\\vendor\\laravel\\framework\\src\\Illuminate\\Container\\BoundMethod.php(96): Illuminate\\Container\\Util::unwrapIfClosure(Object(Closure))\n#36 C:\\laragon\\www\\nobl_backend\\vendor\\laravel\\framework\\src\\Illuminate\\Container\\BoundMethod.php(35): Illuminate\\Container\\BoundMethod::callBoundMethod(Object(Illuminate\\Foundation\\Application), Array, Object(Closure))\n#37 C:\\laragon\\www\\nobl_backend\\vendor\\laravel\\framework\\src\\Illuminate\\Container\\Container.php(754): Illuminate\\Container\\BoundMethod::call(Object(Illuminate\\Foundation\\Application), Array, Array, NULL)\n#38 C:\\laragon\\www\\nobl_backend\\vendor\\laravel\\framework\\src\\Illuminate\\Console\\Command.php(211): Illuminate\\Container\\Container->call(Array)\n#39 C:\\laragon\\www\\nobl_backend\\vendor\\symfony\\console\\Command\\Command.php(279): Illuminate\\Console\\Command->execute(Object(Symfony\\Component\\Console\\Input\\ArgvInput), Object(Illuminate\\Console\\OutputStyle))\n#40 C:\\laragon\\www\\nobl_backend\\vendor\\laravel\\framework\\src\\Illuminate\\Console\\Command.php(180): Symfony\\Component\\Console\\Command\\Command->run(Object(Symfony\\Component\\Console\\Input\\ArgvInput), Object(Illuminate\\Console\\OutputStyle))\n#41 C:\\laragon\\www\\nobl_backend\\vendor\\symfony\\console\\Application.php(1094): Illuminate\\Console\\Command->run(Object(Symfony\\Component\\Console\\Input\\ArgvInput), Object(Symfony\\Component\\Console\\Output\\ConsoleOutput))\n#42 C:\\laragon\\www\\nobl_backend\\vendor\\symfony\\console\\Application.php(342): Symfony\\Component\\Console\\Application->doRunCommand(Object(Illuminate\\Queue\\Console\\WorkCommand), Object(Symfony\\Component\\Console\\Input\\ArgvInput), Object(Symfony\\Component\\Console\\Output\\ConsoleOutput))\n#43 C:\\laragon\\www\\nobl_backend\\vendor\\symfony\\console\\Application.php(193): Symfony\\Component\\Console\\Application->doRun(Object(Symfony\\Component\\Console\\Input\\ArgvInput), Object(Symfony\\Component\\Console\\Output\\ConsoleOutput))\n#44 C:\\laragon\\www\\nobl_backend\\vendor\\laravel\\framework\\src\\Illuminate\\Foundation\\Console\\Kernel.php(197): Symfony\\Component\\Console\\Application->run(Object(Symfony\\Component\\Console\\Input\\ArgvInput), Object(Symfony\\Component\\Console\\Output\\ConsoleOutput))\n#45 C:\\laragon\\www\\nobl_backend\\vendor\\laravel\\framework\\src\\Illuminate\\Foundation\\Application.php(1234): Illuminate\\Foundation\\Console\\Kernel->handle(Object(Symfony\\Component\\Console\\Input\\ArgvInput), Object(Symfony\\Component\\Console\\Output\\ConsoleOutput))\n#46 C:\\laragon\\www\\nobl_backend\\artisan(16): Illuminate\\Foundation\\Application->handleCommand(Object(Symfony\\Component\\Console\\Input\\ArgvInput))\n#47 {main}', '2025-05-29 00:05:01'),
(6, 'b906e10e-96cf-4871-9145-ffb77ee669ae', 'database', 'default', '{\"uuid\":\"b906e10e-96cf-4871-9145-ffb77ee669ae\",\"displayName\":\"App\\\\Mail\\\\OtpMail\",\"job\":\"Illuminate\\\\Queue\\\\CallQueuedHandler@call\",\"maxTries\":null,\"maxExceptions\":null,\"failOnTimeout\":false,\"backoff\":null,\"timeout\":null,\"retryUntil\":null,\"data\":{\"commandName\":\"Illuminate\\\\Mail\\\\SendQueuedMailable\",\"command\":\"O:34:\\\"Illuminate\\\\Mail\\\\SendQueuedMailable\\\":15:{s:8:\\\"mailable\\\";O:16:\\\"App\\\\Mail\\\\OtpMail\\\":3:{s:3:\\\"otp\\\";i:275450;s:2:\\\"to\\\";a:1:{i:0;a:2:{s:4:\\\"name\\\";N;s:7:\\\"address\\\";s:15:\\\"admin@gmail.com\\\";}}s:6:\\\"mailer\\\";s:4:\\\"smtp\\\";}s:5:\\\"tries\\\";N;s:7:\\\"timeout\\\";N;s:13:\\\"maxExceptions\\\";N;s:17:\\\"shouldBeEncrypted\\\";b:0;s:10:\\\"connection\\\";N;s:5:\\\"queue\\\";N;s:5:\\\"delay\\\";N;s:11:\\\"afterCommit\\\";N;s:10:\\\"middleware\\\";a:0:{}s:7:\\\"chained\\\";a:0:{}s:15:\\\"chainConnection\\\";N;s:10:\\\"chainQueue\\\";N;s:19:\\\"chainCatchCallbacks\\\";N;s:3:\\\"job\\\";N;}\"}}', 'ErrorException: Trying to access array offset on value of type null in C:\\laragon\\www\\nobl_backend\\vendor\\symfony\\mailer\\Transport\\Smtp\\Stream\\AbstractStream.php:91\nStack trace:\n#0 C:\\laragon\\www\\nobl_backend\\vendor\\laravel\\framework\\src\\Illuminate\\Foundation\\Bootstrap\\HandleExceptions.php(256): Illuminate\\Foundation\\Bootstrap\\HandleExceptions->handleError(2, \'Trying to acces...\', \'C:\\\\laragon\\\\www\\\\...\', 91)\n#1 C:\\laragon\\www\\nobl_backend\\vendor\\symfony\\mailer\\Transport\\Smtp\\Stream\\AbstractStream.php(91): Illuminate\\Foundation\\Bootstrap\\HandleExceptions->Illuminate\\Foundation\\Bootstrap\\{closure}(2, \'Trying to acces...\', \'C:\\\\laragon\\\\www\\\\...\', 91)\n#2 C:\\laragon\\www\\nobl_backend\\vendor\\symfony\\mailer\\Transport\\Smtp\\SmtpTransport.php(350): Symfony\\Component\\Mailer\\Transport\\Smtp\\Stream\\AbstractStream->readLine()\n#3 C:\\laragon\\www\\nobl_backend\\vendor\\symfony\\mailer\\Transport\\Smtp\\SmtpTransport.php(197): Symfony\\Component\\Mailer\\Transport\\Smtp\\SmtpTransport->getFullResponse()\n#4 C:\\laragon\\www\\nobl_backend\\vendor\\symfony\\mailer\\Transport\\Smtp\\EsmtpTransport.php(134): Symfony\\Component\\Mailer\\Transport\\Smtp\\SmtpTransport->executeCommand(\'RSET\\r\\n\', Array)\n#5 C:\\laragon\\www\\nobl_backend\\vendor\\symfony\\mailer\\Transport\\Smtp\\EsmtpTransport.php(228): Symfony\\Component\\Mailer\\Transport\\Smtp\\EsmtpTransport->executeCommand(\'RSET\\r\\n\', Array)\n#6 C:\\laragon\\www\\nobl_backend\\vendor\\symfony\\mailer\\Transport\\Smtp\\EsmtpTransport.php(177): Symfony\\Component\\Mailer\\Transport\\Smtp\\EsmtpTransport->handleAuth(Array)\n#7 C:\\laragon\\www\\nobl_backend\\vendor\\symfony\\mailer\\Transport\\Smtp\\EsmtpTransport.php(134): Symfony\\Component\\Mailer\\Transport\\Smtp\\EsmtpTransport->doEhloCommand()\n#8 C:\\laragon\\www\\nobl_backend\\vendor\\symfony\\mailer\\Transport\\Smtp\\SmtpTransport.php(255): Symfony\\Component\\Mailer\\Transport\\Smtp\\EsmtpTransport->executeCommand(\'HELO localhost\\r...\', Array)\n#9 C:\\laragon\\www\\nobl_backend\\vendor\\symfony\\mailer\\Transport\\Smtp\\SmtpTransport.php(281): Symfony\\Component\\Mailer\\Transport\\Smtp\\SmtpTransport->doHeloCommand()\n#10 C:\\laragon\\www\\nobl_backend\\vendor\\symfony\\mailer\\Transport\\Smtp\\SmtpTransport.php(211): Symfony\\Component\\Mailer\\Transport\\Smtp\\SmtpTransport->start()\n#11 C:\\laragon\\www\\nobl_backend\\vendor\\symfony\\mailer\\Transport\\AbstractTransport.php(69): Symfony\\Component\\Mailer\\Transport\\Smtp\\SmtpTransport->doSend(Object(Symfony\\Component\\Mailer\\SentMessage))\n#12 C:\\laragon\\www\\nobl_backend\\vendor\\symfony\\mailer\\Transport\\Smtp\\SmtpTransport.php(138): Symfony\\Component\\Mailer\\Transport\\AbstractTransport->send(Object(Symfony\\Component\\Mime\\Email), Object(Symfony\\Component\\Mailer\\DelayedEnvelope))\n#13 C:\\laragon\\www\\nobl_backend\\vendor\\laravel\\framework\\src\\Illuminate\\Mail\\Mailer.php(584): Symfony\\Component\\Mailer\\Transport\\Smtp\\SmtpTransport->send(Object(Symfony\\Component\\Mime\\Email), Object(Symfony\\Component\\Mailer\\DelayedEnvelope))\n#14 C:\\laragon\\www\\nobl_backend\\vendor\\laravel\\framework\\src\\Illuminate\\Mail\\Mailer.php(331): Illuminate\\Mail\\Mailer->sendSymfonyMessage(Object(Symfony\\Component\\Mime\\Email))\n#15 C:\\laragon\\www\\nobl_backend\\vendor\\laravel\\framework\\src\\Illuminate\\Mail\\Mailable.php(206): Illuminate\\Mail\\Mailer->send(\'email.otp\', Array, Object(Closure))\n#16 C:\\laragon\\www\\nobl_backend\\vendor\\laravel\\framework\\src\\Illuminate\\Support\\Traits\\Localizable.php(19): Illuminate\\Mail\\Mailable->Illuminate\\Mail\\{closure}()\n#17 C:\\laragon\\www\\nobl_backend\\vendor\\laravel\\framework\\src\\Illuminate\\Mail\\Mailable.php(199): Illuminate\\Mail\\Mailable->withLocale(NULL, Object(Closure))\n#18 C:\\laragon\\www\\nobl_backend\\vendor\\laravel\\framework\\src\\Illuminate\\Mail\\SendQueuedMailable.php(82): Illuminate\\Mail\\Mailable->send(Object(Illuminate\\Mail\\MailManager))\n#19 C:\\laragon\\www\\nobl_backend\\vendor\\laravel\\framework\\src\\Illuminate\\Container\\BoundMethod.php(36): Illuminate\\Mail\\SendQueuedMailable->handle(Object(Illuminate\\Mail\\MailManager))\n#20 C:\\laragon\\www\\nobl_backend\\vendor\\laravel\\framework\\src\\Illuminate\\Container\\Util.php(43): Illuminate\\Container\\BoundMethod::Illuminate\\Container\\{closure}()\n#21 C:\\laragon\\www\\nobl_backend\\vendor\\laravel\\framework\\src\\Illuminate\\Container\\BoundMethod.php(96): Illuminate\\Container\\Util::unwrapIfClosure(Object(Closure))\n#22 C:\\laragon\\www\\nobl_backend\\vendor\\laravel\\framework\\src\\Illuminate\\Container\\BoundMethod.php(35): Illuminate\\Container\\BoundMethod::callBoundMethod(Object(Illuminate\\Foundation\\Application), Array, Object(Closure))\n#23 C:\\laragon\\www\\nobl_backend\\vendor\\laravel\\framework\\src\\Illuminate\\Container\\Container.php(754): Illuminate\\Container\\BoundMethod::call(Object(Illuminate\\Foundation\\Application), Array, Array, NULL)\n#24 C:\\laragon\\www\\nobl_backend\\vendor\\laravel\\framework\\src\\Illuminate\\Bus\\Dispatcher.php(125): Illuminate\\Container\\Container->call(Array)\n#25 C:\\laragon\\www\\nobl_backend\\vendor\\laravel\\framework\\src\\Illuminate\\Pipeline\\Pipeline.php(169): Illuminate\\Bus\\Dispatcher->Illuminate\\Bus\\{closure}(Object(Illuminate\\Mail\\SendQueuedMailable))\n#26 C:\\laragon\\www\\nobl_backend\\vendor\\laravel\\framework\\src\\Illuminate\\Pipeline\\Pipeline.php(126): Illuminate\\Pipeline\\Pipeline->Illuminate\\Pipeline\\{closure}(Object(Illuminate\\Mail\\SendQueuedMailable))\n#27 C:\\laragon\\www\\nobl_backend\\vendor\\laravel\\framework\\src\\Illuminate\\Bus\\Dispatcher.php(129): Illuminate\\Pipeline\\Pipeline->then(Object(Closure))\n#28 C:\\laragon\\www\\nobl_backend\\vendor\\laravel\\framework\\src\\Illuminate\\Queue\\CallQueuedHandler.php(125): Illuminate\\Bus\\Dispatcher->dispatchNow(Object(Illuminate\\Mail\\SendQueuedMailable), false)\n#29 C:\\laragon\\www\\nobl_backend\\vendor\\laravel\\framework\\src\\Illuminate\\Pipeline\\Pipeline.php(169): Illuminate\\Queue\\CallQueuedHandler->Illuminate\\Queue\\{closure}(Object(Illuminate\\Mail\\SendQueuedMailable))\n#30 C:\\laragon\\www\\nobl_backend\\vendor\\laravel\\framework\\src\\Illuminate\\Pipeline\\Pipeline.php(126): Illuminate\\Pipeline\\Pipeline->Illuminate\\Pipeline\\{closure}(Object(Illuminate\\Mail\\SendQueuedMailable))\n#31 C:\\laragon\\www\\nobl_backend\\vendor\\laravel\\framework\\src\\Illuminate\\Queue\\CallQueuedHandler.php(120): Illuminate\\Pipeline\\Pipeline->then(Object(Closure))\n#32 C:\\laragon\\www\\nobl_backend\\vendor\\laravel\\framework\\src\\Illuminate\\Queue\\CallQueuedHandler.php(68): Illuminate\\Queue\\CallQueuedHandler->dispatchThroughMiddleware(Object(Illuminate\\Queue\\Jobs\\DatabaseJob), Object(Illuminate\\Mail\\SendQueuedMailable))\n#33 C:\\laragon\\www\\nobl_backend\\vendor\\laravel\\framework\\src\\Illuminate\\Queue\\Jobs\\Job.php(102): Illuminate\\Queue\\CallQueuedHandler->call(Object(Illuminate\\Queue\\Jobs\\DatabaseJob), Array)\n#34 C:\\laragon\\www\\nobl_backend\\vendor\\laravel\\framework\\src\\Illuminate\\Queue\\Worker.php(441): Illuminate\\Queue\\Jobs\\Job->fire()\n#35 C:\\laragon\\www\\nobl_backend\\vendor\\laravel\\framework\\src\\Illuminate\\Queue\\Worker.php(391): Illuminate\\Queue\\Worker->process(\'database\', Object(Illuminate\\Queue\\Jobs\\DatabaseJob), Object(Illuminate\\Queue\\WorkerOptions))\n#36 C:\\laragon\\www\\nobl_backend\\vendor\\laravel\\framework\\src\\Illuminate\\Queue\\Worker.php(177): Illuminate\\Queue\\Worker->runJob(Object(Illuminate\\Queue\\Jobs\\DatabaseJob), \'database\', Object(Illuminate\\Queue\\WorkerOptions))\n#37 C:\\laragon\\www\\nobl_backend\\vendor\\laravel\\framework\\src\\Illuminate\\Queue\\Console\\WorkCommand.php(148): Illuminate\\Queue\\Worker->daemon(\'database\', \'default\', Object(Illuminate\\Queue\\WorkerOptions))\n#38 C:\\laragon\\www\\nobl_backend\\vendor\\laravel\\framework\\src\\Illuminate\\Queue\\Console\\WorkCommand.php(131): Illuminate\\Queue\\Console\\WorkCommand->runWorker(\'database\', \'default\')\n#39 C:\\laragon\\www\\nobl_backend\\vendor\\laravel\\framework\\src\\Illuminate\\Container\\BoundMethod.php(36): Illuminate\\Queue\\Console\\WorkCommand->handle()\n#40 C:\\laragon\\www\\nobl_backend\\vendor\\laravel\\framework\\src\\Illuminate\\Container\\Util.php(43): Illuminate\\Container\\BoundMethod::Illuminate\\Container\\{closure}()\n#41 C:\\laragon\\www\\nobl_backend\\vendor\\laravel\\framework\\src\\Illuminate\\Container\\BoundMethod.php(96): Illuminate\\Container\\Util::unwrapIfClosure(Object(Closure))\n#42 C:\\laragon\\www\\nobl_backend\\vendor\\laravel\\framework\\src\\Illuminate\\Container\\BoundMethod.php(35): Illuminate\\Container\\BoundMethod::callBoundMethod(Object(Illuminate\\Foundation\\Application), Array, Object(Closure))\n#43 C:\\laragon\\www\\nobl_backend\\vendor\\laravel\\framework\\src\\Illuminate\\Container\\Container.php(754): Illuminate\\Container\\BoundMethod::call(Object(Illuminate\\Foundation\\Application), Array, Array, NULL)\n#44 C:\\laragon\\www\\nobl_backend\\vendor\\laravel\\framework\\src\\Illuminate\\Console\\Command.php(211): Illuminate\\Container\\Container->call(Array)\n#45 C:\\laragon\\www\\nobl_backend\\vendor\\symfony\\console\\Command\\Command.php(279): Illuminate\\Console\\Command->execute(Object(Symfony\\Component\\Console\\Input\\ArgvInput), Object(Illuminate\\Console\\OutputStyle))\n#46 C:\\laragon\\www\\nobl_backend\\vendor\\laravel\\framework\\src\\Illuminate\\Console\\Command.php(180): Symfony\\Component\\Console\\Command\\Command->run(Object(Symfony\\Component\\Console\\Input\\ArgvInput), Object(Illuminate\\Console\\OutputStyle))\n#47 C:\\laragon\\www\\nobl_backend\\vendor\\symfony\\console\\Application.php(1094): Illuminate\\Console\\Command->run(Object(Symfony\\Component\\Console\\Input\\ArgvInput), Object(Symfony\\Component\\Console\\Output\\ConsoleOutput))\n#48 C:\\laragon\\www\\nobl_backend\\vendor\\symfony\\console\\Application.php(342): Symfony\\Component\\Console\\Application->doRunCommand(Object(Illuminate\\Queue\\Console\\WorkCommand), Object(Symfony\\Component\\Console\\Input\\ArgvInput), Object(Symfony\\Component\\Console\\Output\\ConsoleOutput))\n#49 C:\\laragon\\www\\nobl_backend\\vendor\\symfony\\console\\Application.php(193): Symfony\\Component\\Console\\Application->doRun(Object(Symfony\\Component\\Console\\Input\\ArgvInput), Object(Symfony\\Component\\Console\\Output\\ConsoleOutput))\n#50 C:\\laragon\\www\\nobl_backend\\vendor\\laravel\\framework\\src\\Illuminate\\Foundation\\Console\\Kernel.php(197): Symfony\\Component\\Console\\Application->run(Object(Symfony\\Component\\Console\\Input\\ArgvInput), Object(Symfony\\Component\\Console\\Output\\ConsoleOutput))\n#51 C:\\laragon\\www\\nobl_backend\\vendor\\laravel\\framework\\src\\Illuminate\\Foundation\\Application.php(1234): Illuminate\\Foundation\\Console\\Kernel->handle(Object(Symfony\\Component\\Console\\Input\\ArgvInput), Object(Symfony\\Component\\Console\\Output\\ConsoleOutput))\n#52 C:\\laragon\\www\\nobl_backend\\artisan(16): Illuminate\\Foundation\\Application->handleCommand(Object(Symfony\\Component\\Console\\Input\\ArgvInput))\n#53 {main}', '2025-05-29 00:05:04'),
(7, '049a2162-ba55-4a42-8d59-3c0ebc683689', 'database', 'default', '{\"uuid\":\"049a2162-ba55-4a42-8d59-3c0ebc683689\",\"displayName\":\"App\\\\Mail\\\\OtpMail\",\"job\":\"Illuminate\\\\Queue\\\\CallQueuedHandler@call\",\"maxTries\":null,\"maxExceptions\":null,\"failOnTimeout\":false,\"backoff\":null,\"timeout\":null,\"retryUntil\":null,\"data\":{\"commandName\":\"Illuminate\\\\Mail\\\\SendQueuedMailable\",\"command\":\"O:34:\\\"Illuminate\\\\Mail\\\\SendQueuedMailable\\\":15:{s:8:\\\"mailable\\\";O:16:\\\"App\\\\Mail\\\\OtpMail\\\":3:{s:3:\\\"otp\\\";i:990105;s:2:\\\"to\\\";a:1:{i:0;a:2:{s:4:\\\"name\\\";N;s:7:\\\"address\\\";s:24:\\\"arifbiswas1020@gmail.com\\\";}}s:6:\\\"mailer\\\";s:4:\\\"smtp\\\";}s:5:\\\"tries\\\";N;s:7:\\\"timeout\\\";N;s:13:\\\"maxExceptions\\\";N;s:17:\\\"shouldBeEncrypted\\\";b:0;s:10:\\\"connection\\\";N;s:5:\\\"queue\\\";N;s:5:\\\"delay\\\";N;s:11:\\\"afterCommit\\\";N;s:10:\\\"middleware\\\";a:0:{}s:7:\\\"chained\\\";a:0:{}s:15:\\\"chainConnection\\\";N;s:10:\\\"chainQueue\\\";N;s:19:\\\"chainCatchCallbacks\\\";N;s:3:\\\"job\\\";N;}\"}}', 'Symfony\\Component\\Mailer\\Exception\\TransportException: Failed to authenticate on SMTP server with username \"17b0d7e41c26f2\" using the following authenticators: \"CRAM-MD5\", \"LOGIN\", \"PLAIN\". Authenticator \"CRAM-MD5\" returned \"Expected response code \"235\" but got code \"535\", with message \"535 5.7.0 Too many failed login attempts\".\". Authenticator \"LOGIN\" returned \"Expected response code \"334\" but got empty code.\". Authenticator \"PLAIN\" returned \"Expected response code \"235\" but got empty code.\". in C:\\laragon\\www\\nobl_backend\\vendor\\symfony\\mailer\\Transport\\Smtp\\EsmtpTransport.php:247\nStack trace:\n#0 C:\\laragon\\www\\nobl_backend\\vendor\\symfony\\mailer\\Transport\\Smtp\\EsmtpTransport.php(177): Symfony\\Component\\Mailer\\Transport\\Smtp\\EsmtpTransport->handleAuth(Array)\n#1 C:\\laragon\\www\\nobl_backend\\vendor\\symfony\\mailer\\Transport\\Smtp\\EsmtpTransport.php(134): Symfony\\Component\\Mailer\\Transport\\Smtp\\EsmtpTransport->doEhloCommand()\n#2 C:\\laragon\\www\\nobl_backend\\vendor\\symfony\\mailer\\Transport\\Smtp\\SmtpTransport.php(255): Symfony\\Component\\Mailer\\Transport\\Smtp\\EsmtpTransport->executeCommand(\'HELO localhost\\r...\', Array)\n#3 C:\\laragon\\www\\nobl_backend\\vendor\\symfony\\mailer\\Transport\\Smtp\\SmtpTransport.php(281): Symfony\\Component\\Mailer\\Transport\\Smtp\\SmtpTransport->doHeloCommand()\n#4 C:\\laragon\\www\\nobl_backend\\vendor\\symfony\\mailer\\Transport\\Smtp\\SmtpTransport.php(211): Symfony\\Component\\Mailer\\Transport\\Smtp\\SmtpTransport->start()\n#5 C:\\laragon\\www\\nobl_backend\\vendor\\symfony\\mailer\\Transport\\AbstractTransport.php(69): Symfony\\Component\\Mailer\\Transport\\Smtp\\SmtpTransport->doSend(Object(Symfony\\Component\\Mailer\\SentMessage))\n#6 C:\\laragon\\www\\nobl_backend\\vendor\\symfony\\mailer\\Transport\\Smtp\\SmtpTransport.php(138): Symfony\\Component\\Mailer\\Transport\\AbstractTransport->send(Object(Symfony\\Component\\Mime\\Email), Object(Symfony\\Component\\Mailer\\DelayedEnvelope))\n#7 C:\\laragon\\www\\nobl_backend\\vendor\\laravel\\framework\\src\\Illuminate\\Mail\\Mailer.php(584): Symfony\\Component\\Mailer\\Transport\\Smtp\\SmtpTransport->send(Object(Symfony\\Component\\Mime\\Email), Object(Symfony\\Component\\Mailer\\DelayedEnvelope))\n#8 C:\\laragon\\www\\nobl_backend\\vendor\\laravel\\framework\\src\\Illuminate\\Mail\\Mailer.php(331): Illuminate\\Mail\\Mailer->sendSymfonyMessage(Object(Symfony\\Component\\Mime\\Email))\n#9 C:\\laragon\\www\\nobl_backend\\vendor\\laravel\\framework\\src\\Illuminate\\Mail\\Mailable.php(206): Illuminate\\Mail\\Mailer->send(\'email.otp\', Array, Object(Closure))\n#10 C:\\laragon\\www\\nobl_backend\\vendor\\laravel\\framework\\src\\Illuminate\\Support\\Traits\\Localizable.php(19): Illuminate\\Mail\\Mailable->Illuminate\\Mail\\{closure}()\n#11 C:\\laragon\\www\\nobl_backend\\vendor\\laravel\\framework\\src\\Illuminate\\Mail\\Mailable.php(199): Illuminate\\Mail\\Mailable->withLocale(NULL, Object(Closure))\n#12 C:\\laragon\\www\\nobl_backend\\vendor\\laravel\\framework\\src\\Illuminate\\Mail\\SendQueuedMailable.php(82): Illuminate\\Mail\\Mailable->send(Object(Illuminate\\Mail\\MailManager))\n#13 C:\\laragon\\www\\nobl_backend\\vendor\\laravel\\framework\\src\\Illuminate\\Container\\BoundMethod.php(36): Illuminate\\Mail\\SendQueuedMailable->handle(Object(Illuminate\\Mail\\MailManager))\n#14 C:\\laragon\\www\\nobl_backend\\vendor\\laravel\\framework\\src\\Illuminate\\Container\\Util.php(43): Illuminate\\Container\\BoundMethod::Illuminate\\Container\\{closure}()\n#15 C:\\laragon\\www\\nobl_backend\\vendor\\laravel\\framework\\src\\Illuminate\\Container\\BoundMethod.php(96): Illuminate\\Container\\Util::unwrapIfClosure(Object(Closure))\n#16 C:\\laragon\\www\\nobl_backend\\vendor\\laravel\\framework\\src\\Illuminate\\Container\\BoundMethod.php(35): Illuminate\\Container\\BoundMethod::callBoundMethod(Object(Illuminate\\Foundation\\Application), Array, Object(Closure))\n#17 C:\\laragon\\www\\nobl_backend\\vendor\\laravel\\framework\\src\\Illuminate\\Container\\Container.php(754): Illuminate\\Container\\BoundMethod::call(Object(Illuminate\\Foundation\\Application), Array, Array, NULL)\n#18 C:\\laragon\\www\\nobl_backend\\vendor\\laravel\\framework\\src\\Illuminate\\Bus\\Dispatcher.php(125): Illuminate\\Container\\Container->call(Array)\n#19 C:\\laragon\\www\\nobl_backend\\vendor\\laravel\\framework\\src\\Illuminate\\Pipeline\\Pipeline.php(169): Illuminate\\Bus\\Dispatcher->Illuminate\\Bus\\{closure}(Object(Illuminate\\Mail\\SendQueuedMailable))\n#20 C:\\laragon\\www\\nobl_backend\\vendor\\laravel\\framework\\src\\Illuminate\\Pipeline\\Pipeline.php(126): Illuminate\\Pipeline\\Pipeline->Illuminate\\Pipeline\\{closure}(Object(Illuminate\\Mail\\SendQueuedMailable))\n#21 C:\\laragon\\www\\nobl_backend\\vendor\\laravel\\framework\\src\\Illuminate\\Bus\\Dispatcher.php(129): Illuminate\\Pipeline\\Pipeline->then(Object(Closure))\n#22 C:\\laragon\\www\\nobl_backend\\vendor\\laravel\\framework\\src\\Illuminate\\Queue\\CallQueuedHandler.php(125): Illuminate\\Bus\\Dispatcher->dispatchNow(Object(Illuminate\\Mail\\SendQueuedMailable), false)\n#23 C:\\laragon\\www\\nobl_backend\\vendor\\laravel\\framework\\src\\Illuminate\\Pipeline\\Pipeline.php(169): Illuminate\\Queue\\CallQueuedHandler->Illuminate\\Queue\\{closure}(Object(Illuminate\\Mail\\SendQueuedMailable))\n#24 C:\\laragon\\www\\nobl_backend\\vendor\\laravel\\framework\\src\\Illuminate\\Pipeline\\Pipeline.php(126): Illuminate\\Pipeline\\Pipeline->Illuminate\\Pipeline\\{closure}(Object(Illuminate\\Mail\\SendQueuedMailable))\n#25 C:\\laragon\\www\\nobl_backend\\vendor\\laravel\\framework\\src\\Illuminate\\Queue\\CallQueuedHandler.php(120): Illuminate\\Pipeline\\Pipeline->then(Object(Closure))\n#26 C:\\laragon\\www\\nobl_backend\\vendor\\laravel\\framework\\src\\Illuminate\\Queue\\CallQueuedHandler.php(68): Illuminate\\Queue\\CallQueuedHandler->dispatchThroughMiddleware(Object(Illuminate\\Queue\\Jobs\\DatabaseJob), Object(Illuminate\\Mail\\SendQueuedMailable))\n#27 C:\\laragon\\www\\nobl_backend\\vendor\\laravel\\framework\\src\\Illuminate\\Queue\\Jobs\\Job.php(102): Illuminate\\Queue\\CallQueuedHandler->call(Object(Illuminate\\Queue\\Jobs\\DatabaseJob), Array)\n#28 C:\\laragon\\www\\nobl_backend\\vendor\\laravel\\framework\\src\\Illuminate\\Queue\\Worker.php(441): Illuminate\\Queue\\Jobs\\Job->fire()\n#29 C:\\laragon\\www\\nobl_backend\\vendor\\laravel\\framework\\src\\Illuminate\\Queue\\Worker.php(391): Illuminate\\Queue\\Worker->process(\'database\', Object(Illuminate\\Queue\\Jobs\\DatabaseJob), Object(Illuminate\\Queue\\WorkerOptions))\n#30 C:\\laragon\\www\\nobl_backend\\vendor\\laravel\\framework\\src\\Illuminate\\Queue\\Worker.php(177): Illuminate\\Queue\\Worker->runJob(Object(Illuminate\\Queue\\Jobs\\DatabaseJob), \'database\', Object(Illuminate\\Queue\\WorkerOptions))\n#31 C:\\laragon\\www\\nobl_backend\\vendor\\laravel\\framework\\src\\Illuminate\\Queue\\Console\\WorkCommand.php(148): Illuminate\\Queue\\Worker->daemon(\'database\', \'default\', Object(Illuminate\\Queue\\WorkerOptions))\n#32 C:\\laragon\\www\\nobl_backend\\vendor\\laravel\\framework\\src\\Illuminate\\Queue\\Console\\WorkCommand.php(131): Illuminate\\Queue\\Console\\WorkCommand->runWorker(\'database\', \'default\')\n#33 C:\\laragon\\www\\nobl_backend\\vendor\\laravel\\framework\\src\\Illuminate\\Container\\BoundMethod.php(36): Illuminate\\Queue\\Console\\WorkCommand->handle()\n#34 C:\\laragon\\www\\nobl_backend\\vendor\\laravel\\framework\\src\\Illuminate\\Container\\Util.php(43): Illuminate\\Container\\BoundMethod::Illuminate\\Container\\{closure}()\n#35 C:\\laragon\\www\\nobl_backend\\vendor\\laravel\\framework\\src\\Illuminate\\Container\\BoundMethod.php(96): Illuminate\\Container\\Util::unwrapIfClosure(Object(Closure))\n#36 C:\\laragon\\www\\nobl_backend\\vendor\\laravel\\framework\\src\\Illuminate\\Container\\BoundMethod.php(35): Illuminate\\Container\\BoundMethod::callBoundMethod(Object(Illuminate\\Foundation\\Application), Array, Object(Closure))\n#37 C:\\laragon\\www\\nobl_backend\\vendor\\laravel\\framework\\src\\Illuminate\\Container\\Container.php(754): Illuminate\\Container\\BoundMethod::call(Object(Illuminate\\Foundation\\Application), Array, Array, NULL)\n#38 C:\\laragon\\www\\nobl_backend\\vendor\\laravel\\framework\\src\\Illuminate\\Console\\Command.php(211): Illuminate\\Container\\Container->call(Array)\n#39 C:\\laragon\\www\\nobl_backend\\vendor\\symfony\\console\\Command\\Command.php(279): Illuminate\\Console\\Command->execute(Object(Symfony\\Component\\Console\\Input\\ArgvInput), Object(Illuminate\\Console\\OutputStyle))\n#40 C:\\laragon\\www\\nobl_backend\\vendor\\laravel\\framework\\src\\Illuminate\\Console\\Command.php(180): Symfony\\Component\\Console\\Command\\Command->run(Object(Symfony\\Component\\Console\\Input\\ArgvInput), Object(Illuminate\\Console\\OutputStyle))\n#41 C:\\laragon\\www\\nobl_backend\\vendor\\symfony\\console\\Application.php(1094): Illuminate\\Console\\Command->run(Object(Symfony\\Component\\Console\\Input\\ArgvInput), Object(Symfony\\Component\\Console\\Output\\ConsoleOutput))\n#42 C:\\laragon\\www\\nobl_backend\\vendor\\symfony\\console\\Application.php(342): Symfony\\Component\\Console\\Application->doRunCommand(Object(Illuminate\\Queue\\Console\\WorkCommand), Object(Symfony\\Component\\Console\\Input\\ArgvInput), Object(Symfony\\Component\\Console\\Output\\ConsoleOutput))\n#43 C:\\laragon\\www\\nobl_backend\\vendor\\symfony\\console\\Application.php(193): Symfony\\Component\\Console\\Application->doRun(Object(Symfony\\Component\\Console\\Input\\ArgvInput), Object(Symfony\\Component\\Console\\Output\\ConsoleOutput))\n#44 C:\\laragon\\www\\nobl_backend\\vendor\\laravel\\framework\\src\\Illuminate\\Foundation\\Console\\Kernel.php(197): Symfony\\Component\\Console\\Application->run(Object(Symfony\\Component\\Console\\Input\\ArgvInput), Object(Symfony\\Component\\Console\\Output\\ConsoleOutput))\n#45 C:\\laragon\\www\\nobl_backend\\vendor\\laravel\\framework\\src\\Illuminate\\Foundation\\Application.php(1234): Illuminate\\Foundation\\Console\\Kernel->handle(Object(Symfony\\Component\\Console\\Input\\ArgvInput), Object(Symfony\\Component\\Console\\Output\\ConsoleOutput))\n#46 C:\\laragon\\www\\nobl_backend\\artisan(16): Illuminate\\Foundation\\Application->handleCommand(Object(Symfony\\Component\\Console\\Input\\ArgvInput))\n#47 {main}', '2025-05-29 00:05:08'),
(8, '6a022db7-1fe6-4016-843c-c507c0ff2050', 'database', 'default', '{\"uuid\":\"6a022db7-1fe6-4016-843c-c507c0ff2050\",\"displayName\":\"App\\\\Mail\\\\OtpMail\",\"job\":\"Illuminate\\\\Queue\\\\CallQueuedHandler@call\",\"maxTries\":null,\"maxExceptions\":null,\"failOnTimeout\":false,\"backoff\":null,\"timeout\":null,\"retryUntil\":null,\"data\":{\"commandName\":\"Illuminate\\\\Mail\\\\SendQueuedMailable\",\"command\":\"O:34:\\\"Illuminate\\\\Mail\\\\SendQueuedMailable\\\":15:{s:8:\\\"mailable\\\";O:16:\\\"App\\\\Mail\\\\OtpMail\\\":3:{s:3:\\\"otp\\\";i:188314;s:2:\\\"to\\\";a:1:{i:0;a:2:{s:4:\\\"name\\\";N;s:7:\\\"address\\\";s:24:\\\"arifbiswas1020@gmail.com\\\";}}s:6:\\\"mailer\\\";s:4:\\\"smtp\\\";}s:5:\\\"tries\\\";N;s:7:\\\"timeout\\\";N;s:13:\\\"maxExceptions\\\";N;s:17:\\\"shouldBeEncrypted\\\";b:0;s:10:\\\"connection\\\";N;s:5:\\\"queue\\\";N;s:5:\\\"delay\\\";N;s:11:\\\"afterCommit\\\";N;s:10:\\\"middleware\\\";a:0:{}s:7:\\\"chained\\\";a:0:{}s:15:\\\"chainConnection\\\";N;s:10:\\\"chainQueue\\\";N;s:19:\\\"chainCatchCallbacks\\\";N;s:3:\\\"job\\\";N;}\"}}', 'ErrorException: Trying to access array offset on value of type null in C:\\laragon\\www\\nobl_backend\\vendor\\symfony\\mailer\\Transport\\Smtp\\Stream\\AbstractStream.php:91\nStack trace:\n#0 C:\\laragon\\www\\nobl_backend\\vendor\\laravel\\framework\\src\\Illuminate\\Foundation\\Bootstrap\\HandleExceptions.php(256): Illuminate\\Foundation\\Bootstrap\\HandleExceptions->handleError(2, \'Trying to acces...\', \'C:\\\\laragon\\\\www\\\\...\', 91)\n#1 C:\\laragon\\www\\nobl_backend\\vendor\\symfony\\mailer\\Transport\\Smtp\\Stream\\AbstractStream.php(91): Illuminate\\Foundation\\Bootstrap\\HandleExceptions->Illuminate\\Foundation\\Bootstrap\\{closure}(2, \'Trying to acces...\', \'C:\\\\laragon\\\\www\\\\...\', 91)\n#2 C:\\laragon\\www\\nobl_backend\\vendor\\symfony\\mailer\\Transport\\Smtp\\SmtpTransport.php(350): Symfony\\Component\\Mailer\\Transport\\Smtp\\Stream\\AbstractStream->readLine()\n#3 C:\\laragon\\www\\nobl_backend\\vendor\\symfony\\mailer\\Transport\\Smtp\\SmtpTransport.php(197): Symfony\\Component\\Mailer\\Transport\\Smtp\\SmtpTransport->getFullResponse()\n#4 C:\\laragon\\www\\nobl_backend\\vendor\\symfony\\mailer\\Transport\\Smtp\\EsmtpTransport.php(134): Symfony\\Component\\Mailer\\Transport\\Smtp\\SmtpTransport->executeCommand(\'RSET\\r\\n\', Array)\n#5 C:\\laragon\\www\\nobl_backend\\vendor\\symfony\\mailer\\Transport\\Smtp\\EsmtpTransport.php(228): Symfony\\Component\\Mailer\\Transport\\Smtp\\EsmtpTransport->executeCommand(\'RSET\\r\\n\', Array)\n#6 C:\\laragon\\www\\nobl_backend\\vendor\\symfony\\mailer\\Transport\\Smtp\\EsmtpTransport.php(177): Symfony\\Component\\Mailer\\Transport\\Smtp\\EsmtpTransport->handleAuth(Array)\n#7 C:\\laragon\\www\\nobl_backend\\vendor\\symfony\\mailer\\Transport\\Smtp\\EsmtpTransport.php(134): Symfony\\Component\\Mailer\\Transport\\Smtp\\EsmtpTransport->doEhloCommand()\n#8 C:\\laragon\\www\\nobl_backend\\vendor\\symfony\\mailer\\Transport\\Smtp\\SmtpTransport.php(255): Symfony\\Component\\Mailer\\Transport\\Smtp\\EsmtpTransport->executeCommand(\'HELO localhost\\r...\', Array)\n#9 C:\\laragon\\www\\nobl_backend\\vendor\\symfony\\mailer\\Transport\\Smtp\\SmtpTransport.php(281): Symfony\\Component\\Mailer\\Transport\\Smtp\\SmtpTransport->doHeloCommand()\n#10 C:\\laragon\\www\\nobl_backend\\vendor\\symfony\\mailer\\Transport\\Smtp\\SmtpTransport.php(211): Symfony\\Component\\Mailer\\Transport\\Smtp\\SmtpTransport->start()\n#11 C:\\laragon\\www\\nobl_backend\\vendor\\symfony\\mailer\\Transport\\AbstractTransport.php(69): Symfony\\Component\\Mailer\\Transport\\Smtp\\SmtpTransport->doSend(Object(Symfony\\Component\\Mailer\\SentMessage))\n#12 C:\\laragon\\www\\nobl_backend\\vendor\\symfony\\mailer\\Transport\\Smtp\\SmtpTransport.php(138): Symfony\\Component\\Mailer\\Transport\\AbstractTransport->send(Object(Symfony\\Component\\Mime\\Email), Object(Symfony\\Component\\Mailer\\DelayedEnvelope))\n#13 C:\\laragon\\www\\nobl_backend\\vendor\\laravel\\framework\\src\\Illuminate\\Mail\\Mailer.php(584): Symfony\\Component\\Mailer\\Transport\\Smtp\\SmtpTransport->send(Object(Symfony\\Component\\Mime\\Email), Object(Symfony\\Component\\Mailer\\DelayedEnvelope))\n#14 C:\\laragon\\www\\nobl_backend\\vendor\\laravel\\framework\\src\\Illuminate\\Mail\\Mailer.php(331): Illuminate\\Mail\\Mailer->sendSymfonyMessage(Object(Symfony\\Component\\Mime\\Email))\n#15 C:\\laragon\\www\\nobl_backend\\vendor\\laravel\\framework\\src\\Illuminate\\Mail\\Mailable.php(206): Illuminate\\Mail\\Mailer->send(\'email.otp\', Array, Object(Closure))\n#16 C:\\laragon\\www\\nobl_backend\\vendor\\laravel\\framework\\src\\Illuminate\\Support\\Traits\\Localizable.php(19): Illuminate\\Mail\\Mailable->Illuminate\\Mail\\{closure}()\n#17 C:\\laragon\\www\\nobl_backend\\vendor\\laravel\\framework\\src\\Illuminate\\Mail\\Mailable.php(199): Illuminate\\Mail\\Mailable->withLocale(NULL, Object(Closure))\n#18 C:\\laragon\\www\\nobl_backend\\vendor\\laravel\\framework\\src\\Illuminate\\Mail\\SendQueuedMailable.php(82): Illuminate\\Mail\\Mailable->send(Object(Illuminate\\Mail\\MailManager))\n#19 C:\\laragon\\www\\nobl_backend\\vendor\\laravel\\framework\\src\\Illuminate\\Container\\BoundMethod.php(36): Illuminate\\Mail\\SendQueuedMailable->handle(Object(Illuminate\\Mail\\MailManager))\n#20 C:\\laragon\\www\\nobl_backend\\vendor\\laravel\\framework\\src\\Illuminate\\Container\\Util.php(43): Illuminate\\Container\\BoundMethod::Illuminate\\Container\\{closure}()\n#21 C:\\laragon\\www\\nobl_backend\\vendor\\laravel\\framework\\src\\Illuminate\\Container\\BoundMethod.php(96): Illuminate\\Container\\Util::unwrapIfClosure(Object(Closure))\n#22 C:\\laragon\\www\\nobl_backend\\vendor\\laravel\\framework\\src\\Illuminate\\Container\\BoundMethod.php(35): Illuminate\\Container\\BoundMethod::callBoundMethod(Object(Illuminate\\Foundation\\Application), Array, Object(Closure))\n#23 C:\\laragon\\www\\nobl_backend\\vendor\\laravel\\framework\\src\\Illuminate\\Container\\Container.php(754): Illuminate\\Container\\BoundMethod::call(Object(Illuminate\\Foundation\\Application), Array, Array, NULL)\n#24 C:\\laragon\\www\\nobl_backend\\vendor\\laravel\\framework\\src\\Illuminate\\Bus\\Dispatcher.php(125): Illuminate\\Container\\Container->call(Array)\n#25 C:\\laragon\\www\\nobl_backend\\vendor\\laravel\\framework\\src\\Illuminate\\Pipeline\\Pipeline.php(169): Illuminate\\Bus\\Dispatcher->Illuminate\\Bus\\{closure}(Object(Illuminate\\Mail\\SendQueuedMailable))\n#26 C:\\laragon\\www\\nobl_backend\\vendor\\laravel\\framework\\src\\Illuminate\\Pipeline\\Pipeline.php(126): Illuminate\\Pipeline\\Pipeline->Illuminate\\Pipeline\\{closure}(Object(Illuminate\\Mail\\SendQueuedMailable))\n#27 C:\\laragon\\www\\nobl_backend\\vendor\\laravel\\framework\\src\\Illuminate\\Bus\\Dispatcher.php(129): Illuminate\\Pipeline\\Pipeline->then(Object(Closure))\n#28 C:\\laragon\\www\\nobl_backend\\vendor\\laravel\\framework\\src\\Illuminate\\Queue\\CallQueuedHandler.php(125): Illuminate\\Bus\\Dispatcher->dispatchNow(Object(Illuminate\\Mail\\SendQueuedMailable), false)\n#29 C:\\laragon\\www\\nobl_backend\\vendor\\laravel\\framework\\src\\Illuminate\\Pipeline\\Pipeline.php(169): Illuminate\\Queue\\CallQueuedHandler->Illuminate\\Queue\\{closure}(Object(Illuminate\\Mail\\SendQueuedMailable))\n#30 C:\\laragon\\www\\nobl_backend\\vendor\\laravel\\framework\\src\\Illuminate\\Pipeline\\Pipeline.php(126): Illuminate\\Pipeline\\Pipeline->Illuminate\\Pipeline\\{closure}(Object(Illuminate\\Mail\\SendQueuedMailable))\n#31 C:\\laragon\\www\\nobl_backend\\vendor\\laravel\\framework\\src\\Illuminate\\Queue\\CallQueuedHandler.php(120): Illuminate\\Pipeline\\Pipeline->then(Object(Closure))\n#32 C:\\laragon\\www\\nobl_backend\\vendor\\laravel\\framework\\src\\Illuminate\\Queue\\CallQueuedHandler.php(68): Illuminate\\Queue\\CallQueuedHandler->dispatchThroughMiddleware(Object(Illuminate\\Queue\\Jobs\\DatabaseJob), Object(Illuminate\\Mail\\SendQueuedMailable))\n#33 C:\\laragon\\www\\nobl_backend\\vendor\\laravel\\framework\\src\\Illuminate\\Queue\\Jobs\\Job.php(102): Illuminate\\Queue\\CallQueuedHandler->call(Object(Illuminate\\Queue\\Jobs\\DatabaseJob), Array)\n#34 C:\\laragon\\www\\nobl_backend\\vendor\\laravel\\framework\\src\\Illuminate\\Queue\\Worker.php(441): Illuminate\\Queue\\Jobs\\Job->fire()\n#35 C:\\laragon\\www\\nobl_backend\\vendor\\laravel\\framework\\src\\Illuminate\\Queue\\Worker.php(391): Illuminate\\Queue\\Worker->process(\'database\', Object(Illuminate\\Queue\\Jobs\\DatabaseJob), Object(Illuminate\\Queue\\WorkerOptions))\n#36 C:\\laragon\\www\\nobl_backend\\vendor\\laravel\\framework\\src\\Illuminate\\Queue\\Worker.php(177): Illuminate\\Queue\\Worker->runJob(Object(Illuminate\\Queue\\Jobs\\DatabaseJob), \'database\', Object(Illuminate\\Queue\\WorkerOptions))\n#37 C:\\laragon\\www\\nobl_backend\\vendor\\laravel\\framework\\src\\Illuminate\\Queue\\Console\\WorkCommand.php(148): Illuminate\\Queue\\Worker->daemon(\'database\', \'default\', Object(Illuminate\\Queue\\WorkerOptions))\n#38 C:\\laragon\\www\\nobl_backend\\vendor\\laravel\\framework\\src\\Illuminate\\Queue\\Console\\WorkCommand.php(131): Illuminate\\Queue\\Console\\WorkCommand->runWorker(\'database\', \'default\')\n#39 C:\\laragon\\www\\nobl_backend\\vendor\\laravel\\framework\\src\\Illuminate\\Container\\BoundMethod.php(36): Illuminate\\Queue\\Console\\WorkCommand->handle()\n#40 C:\\laragon\\www\\nobl_backend\\vendor\\laravel\\framework\\src\\Illuminate\\Container\\Util.php(43): Illuminate\\Container\\BoundMethod::Illuminate\\Container\\{closure}()\n#41 C:\\laragon\\www\\nobl_backend\\vendor\\laravel\\framework\\src\\Illuminate\\Container\\BoundMethod.php(96): Illuminate\\Container\\Util::unwrapIfClosure(Object(Closure))\n#42 C:\\laragon\\www\\nobl_backend\\vendor\\laravel\\framework\\src\\Illuminate\\Container\\BoundMethod.php(35): Illuminate\\Container\\BoundMethod::callBoundMethod(Object(Illuminate\\Foundation\\Application), Array, Object(Closure))\n#43 C:\\laragon\\www\\nobl_backend\\vendor\\laravel\\framework\\src\\Illuminate\\Container\\Container.php(754): Illuminate\\Container\\BoundMethod::call(Object(Illuminate\\Foundation\\Application), Array, Array, NULL)\n#44 C:\\laragon\\www\\nobl_backend\\vendor\\laravel\\framework\\src\\Illuminate\\Console\\Command.php(211): Illuminate\\Container\\Container->call(Array)\n#45 C:\\laragon\\www\\nobl_backend\\vendor\\symfony\\console\\Command\\Command.php(279): Illuminate\\Console\\Command->execute(Object(Symfony\\Component\\Console\\Input\\ArgvInput), Object(Illuminate\\Console\\OutputStyle))\n#46 C:\\laragon\\www\\nobl_backend\\vendor\\laravel\\framework\\src\\Illuminate\\Console\\Command.php(180): Symfony\\Component\\Console\\Command\\Command->run(Object(Symfony\\Component\\Console\\Input\\ArgvInput), Object(Illuminate\\Console\\OutputStyle))\n#47 C:\\laragon\\www\\nobl_backend\\vendor\\symfony\\console\\Application.php(1094): Illuminate\\Console\\Command->run(Object(Symfony\\Component\\Console\\Input\\ArgvInput), Object(Symfony\\Component\\Console\\Output\\ConsoleOutput))\n#48 C:\\laragon\\www\\nobl_backend\\vendor\\symfony\\console\\Application.php(342): Symfony\\Component\\Console\\Application->doRunCommand(Object(Illuminate\\Queue\\Console\\WorkCommand), Object(Symfony\\Component\\Console\\Input\\ArgvInput), Object(Symfony\\Component\\Console\\Output\\ConsoleOutput))\n#49 C:\\laragon\\www\\nobl_backend\\vendor\\symfony\\console\\Application.php(193): Symfony\\Component\\Console\\Application->doRun(Object(Symfony\\Component\\Console\\Input\\ArgvInput), Object(Symfony\\Component\\Console\\Output\\ConsoleOutput))\n#50 C:\\laragon\\www\\nobl_backend\\vendor\\laravel\\framework\\src\\Illuminate\\Foundation\\Console\\Kernel.php(197): Symfony\\Component\\Console\\Application->run(Object(Symfony\\Component\\Console\\Input\\ArgvInput), Object(Symfony\\Component\\Console\\Output\\ConsoleOutput))\n#51 C:\\laragon\\www\\nobl_backend\\vendor\\laravel\\framework\\src\\Illuminate\\Foundation\\Application.php(1234): Illuminate\\Foundation\\Console\\Kernel->handle(Object(Symfony\\Component\\Console\\Input\\ArgvInput), Object(Symfony\\Component\\Console\\Output\\ConsoleOutput))\n#52 C:\\laragon\\www\\nobl_backend\\artisan(16): Illuminate\\Foundation\\Application->handleCommand(Object(Symfony\\Component\\Console\\Input\\ArgvInput))\n#53 {main}', '2025-05-29 00:05:11');
INSERT INTO `failed_jobs` (`id`, `uuid`, `connection`, `queue`, `payload`, `exception`, `failed_at`) VALUES
(9, 'b048f797-bc09-48ce-b536-62ac7dc527b5', 'database', 'default', '{\"uuid\":\"b048f797-bc09-48ce-b536-62ac7dc527b5\",\"displayName\":\"App\\\\Mail\\\\OtpMail\",\"job\":\"Illuminate\\\\Queue\\\\CallQueuedHandler@call\",\"maxTries\":null,\"maxExceptions\":null,\"failOnTimeout\":false,\"backoff\":null,\"timeout\":null,\"retryUntil\":null,\"data\":{\"commandName\":\"Illuminate\\\\Mail\\\\SendQueuedMailable\",\"command\":\"O:34:\\\"Illuminate\\\\Mail\\\\SendQueuedMailable\\\":15:{s:8:\\\"mailable\\\";O:16:\\\"App\\\\Mail\\\\OtpMail\\\":3:{s:3:\\\"otp\\\";i:346496;s:2:\\\"to\\\";a:1:{i:0;a:2:{s:4:\\\"name\\\";N;s:7:\\\"address\\\";s:24:\\\"arifbiswas1020@gmail.com\\\";}}s:6:\\\"mailer\\\";s:4:\\\"smtp\\\";}s:5:\\\"tries\\\";N;s:7:\\\"timeout\\\";N;s:13:\\\"maxExceptions\\\";N;s:17:\\\"shouldBeEncrypted\\\";b:0;s:10:\\\"connection\\\";N;s:5:\\\"queue\\\";N;s:5:\\\"delay\\\";N;s:11:\\\"afterCommit\\\";N;s:10:\\\"middleware\\\";a:0:{}s:7:\\\"chained\\\";a:0:{}s:15:\\\"chainConnection\\\";N;s:10:\\\"chainQueue\\\";N;s:19:\\\"chainCatchCallbacks\\\";N;s:3:\\\"job\\\";N;}\"}}', 'Symfony\\Component\\Mailer\\Exception\\TransportException: Failed to authenticate on SMTP server with username \"17b0d7e41c26f2\" using the following authenticators: \"CRAM-MD5\", \"LOGIN\", \"PLAIN\". Authenticator \"CRAM-MD5\" returned \"Expected response code \"235\" but got code \"535\", with message \"535 5.7.0 Too many failed login attempts\".\". Authenticator \"LOGIN\" returned \"Expected response code \"334\" but got empty code.\". Authenticator \"PLAIN\" returned \"Expected response code \"235\" but got empty code.\". in C:\\laragon\\www\\nobl_backend\\vendor\\symfony\\mailer\\Transport\\Smtp\\EsmtpTransport.php:247\nStack trace:\n#0 C:\\laragon\\www\\nobl_backend\\vendor\\symfony\\mailer\\Transport\\Smtp\\EsmtpTransport.php(177): Symfony\\Component\\Mailer\\Transport\\Smtp\\EsmtpTransport->handleAuth(Array)\n#1 C:\\laragon\\www\\nobl_backend\\vendor\\symfony\\mailer\\Transport\\Smtp\\EsmtpTransport.php(134): Symfony\\Component\\Mailer\\Transport\\Smtp\\EsmtpTransport->doEhloCommand()\n#2 C:\\laragon\\www\\nobl_backend\\vendor\\symfony\\mailer\\Transport\\Smtp\\SmtpTransport.php(255): Symfony\\Component\\Mailer\\Transport\\Smtp\\EsmtpTransport->executeCommand(\'HELO localhost\\r...\', Array)\n#3 C:\\laragon\\www\\nobl_backend\\vendor\\symfony\\mailer\\Transport\\Smtp\\SmtpTransport.php(281): Symfony\\Component\\Mailer\\Transport\\Smtp\\SmtpTransport->doHeloCommand()\n#4 C:\\laragon\\www\\nobl_backend\\vendor\\symfony\\mailer\\Transport\\Smtp\\SmtpTransport.php(211): Symfony\\Component\\Mailer\\Transport\\Smtp\\SmtpTransport->start()\n#5 C:\\laragon\\www\\nobl_backend\\vendor\\symfony\\mailer\\Transport\\AbstractTransport.php(69): Symfony\\Component\\Mailer\\Transport\\Smtp\\SmtpTransport->doSend(Object(Symfony\\Component\\Mailer\\SentMessage))\n#6 C:\\laragon\\www\\nobl_backend\\vendor\\symfony\\mailer\\Transport\\Smtp\\SmtpTransport.php(138): Symfony\\Component\\Mailer\\Transport\\AbstractTransport->send(Object(Symfony\\Component\\Mime\\Email), Object(Symfony\\Component\\Mailer\\DelayedEnvelope))\n#7 C:\\laragon\\www\\nobl_backend\\vendor\\laravel\\framework\\src\\Illuminate\\Mail\\Mailer.php(584): Symfony\\Component\\Mailer\\Transport\\Smtp\\SmtpTransport->send(Object(Symfony\\Component\\Mime\\Email), Object(Symfony\\Component\\Mailer\\DelayedEnvelope))\n#8 C:\\laragon\\www\\nobl_backend\\vendor\\laravel\\framework\\src\\Illuminate\\Mail\\Mailer.php(331): Illuminate\\Mail\\Mailer->sendSymfonyMessage(Object(Symfony\\Component\\Mime\\Email))\n#9 C:\\laragon\\www\\nobl_backend\\vendor\\laravel\\framework\\src\\Illuminate\\Mail\\Mailable.php(206): Illuminate\\Mail\\Mailer->send(\'email.otp\', Array, Object(Closure))\n#10 C:\\laragon\\www\\nobl_backend\\vendor\\laravel\\framework\\src\\Illuminate\\Support\\Traits\\Localizable.php(19): Illuminate\\Mail\\Mailable->Illuminate\\Mail\\{closure}()\n#11 C:\\laragon\\www\\nobl_backend\\vendor\\laravel\\framework\\src\\Illuminate\\Mail\\Mailable.php(199): Illuminate\\Mail\\Mailable->withLocale(NULL, Object(Closure))\n#12 C:\\laragon\\www\\nobl_backend\\vendor\\laravel\\framework\\src\\Illuminate\\Mail\\SendQueuedMailable.php(82): Illuminate\\Mail\\Mailable->send(Object(Illuminate\\Mail\\MailManager))\n#13 C:\\laragon\\www\\nobl_backend\\vendor\\laravel\\framework\\src\\Illuminate\\Container\\BoundMethod.php(36): Illuminate\\Mail\\SendQueuedMailable->handle(Object(Illuminate\\Mail\\MailManager))\n#14 C:\\laragon\\www\\nobl_backend\\vendor\\laravel\\framework\\src\\Illuminate\\Container\\Util.php(43): Illuminate\\Container\\BoundMethod::Illuminate\\Container\\{closure}()\n#15 C:\\laragon\\www\\nobl_backend\\vendor\\laravel\\framework\\src\\Illuminate\\Container\\BoundMethod.php(96): Illuminate\\Container\\Util::unwrapIfClosure(Object(Closure))\n#16 C:\\laragon\\www\\nobl_backend\\vendor\\laravel\\framework\\src\\Illuminate\\Container\\BoundMethod.php(35): Illuminate\\Container\\BoundMethod::callBoundMethod(Object(Illuminate\\Foundation\\Application), Array, Object(Closure))\n#17 C:\\laragon\\www\\nobl_backend\\vendor\\laravel\\framework\\src\\Illuminate\\Container\\Container.php(754): Illuminate\\Container\\BoundMethod::call(Object(Illuminate\\Foundation\\Application), Array, Array, NULL)\n#18 C:\\laragon\\www\\nobl_backend\\vendor\\laravel\\framework\\src\\Illuminate\\Bus\\Dispatcher.php(125): Illuminate\\Container\\Container->call(Array)\n#19 C:\\laragon\\www\\nobl_backend\\vendor\\laravel\\framework\\src\\Illuminate\\Pipeline\\Pipeline.php(169): Illuminate\\Bus\\Dispatcher->Illuminate\\Bus\\{closure}(Object(Illuminate\\Mail\\SendQueuedMailable))\n#20 C:\\laragon\\www\\nobl_backend\\vendor\\laravel\\framework\\src\\Illuminate\\Pipeline\\Pipeline.php(126): Illuminate\\Pipeline\\Pipeline->Illuminate\\Pipeline\\{closure}(Object(Illuminate\\Mail\\SendQueuedMailable))\n#21 C:\\laragon\\www\\nobl_backend\\vendor\\laravel\\framework\\src\\Illuminate\\Bus\\Dispatcher.php(129): Illuminate\\Pipeline\\Pipeline->then(Object(Closure))\n#22 C:\\laragon\\www\\nobl_backend\\vendor\\laravel\\framework\\src\\Illuminate\\Queue\\CallQueuedHandler.php(125): Illuminate\\Bus\\Dispatcher->dispatchNow(Object(Illuminate\\Mail\\SendQueuedMailable), false)\n#23 C:\\laragon\\www\\nobl_backend\\vendor\\laravel\\framework\\src\\Illuminate\\Pipeline\\Pipeline.php(169): Illuminate\\Queue\\CallQueuedHandler->Illuminate\\Queue\\{closure}(Object(Illuminate\\Mail\\SendQueuedMailable))\n#24 C:\\laragon\\www\\nobl_backend\\vendor\\laravel\\framework\\src\\Illuminate\\Pipeline\\Pipeline.php(126): Illuminate\\Pipeline\\Pipeline->Illuminate\\Pipeline\\{closure}(Object(Illuminate\\Mail\\SendQueuedMailable))\n#25 C:\\laragon\\www\\nobl_backend\\vendor\\laravel\\framework\\src\\Illuminate\\Queue\\CallQueuedHandler.php(120): Illuminate\\Pipeline\\Pipeline->then(Object(Closure))\n#26 C:\\laragon\\www\\nobl_backend\\vendor\\laravel\\framework\\src\\Illuminate\\Queue\\CallQueuedHandler.php(68): Illuminate\\Queue\\CallQueuedHandler->dispatchThroughMiddleware(Object(Illuminate\\Queue\\Jobs\\DatabaseJob), Object(Illuminate\\Mail\\SendQueuedMailable))\n#27 C:\\laragon\\www\\nobl_backend\\vendor\\laravel\\framework\\src\\Illuminate\\Queue\\Jobs\\Job.php(102): Illuminate\\Queue\\CallQueuedHandler->call(Object(Illuminate\\Queue\\Jobs\\DatabaseJob), Array)\n#28 C:\\laragon\\www\\nobl_backend\\vendor\\laravel\\framework\\src\\Illuminate\\Queue\\Worker.php(441): Illuminate\\Queue\\Jobs\\Job->fire()\n#29 C:\\laragon\\www\\nobl_backend\\vendor\\laravel\\framework\\src\\Illuminate\\Queue\\Worker.php(391): Illuminate\\Queue\\Worker->process(\'database\', Object(Illuminate\\Queue\\Jobs\\DatabaseJob), Object(Illuminate\\Queue\\WorkerOptions))\n#30 C:\\laragon\\www\\nobl_backend\\vendor\\laravel\\framework\\src\\Illuminate\\Queue\\Worker.php(177): Illuminate\\Queue\\Worker->runJob(Object(Illuminate\\Queue\\Jobs\\DatabaseJob), \'database\', Object(Illuminate\\Queue\\WorkerOptions))\n#31 C:\\laragon\\www\\nobl_backend\\vendor\\laravel\\framework\\src\\Illuminate\\Queue\\Console\\WorkCommand.php(148): Illuminate\\Queue\\Worker->daemon(\'database\', \'default\', Object(Illuminate\\Queue\\WorkerOptions))\n#32 C:\\laragon\\www\\nobl_backend\\vendor\\laravel\\framework\\src\\Illuminate\\Queue\\Console\\WorkCommand.php(131): Illuminate\\Queue\\Console\\WorkCommand->runWorker(\'database\', \'default\')\n#33 C:\\laragon\\www\\nobl_backend\\vendor\\laravel\\framework\\src\\Illuminate\\Container\\BoundMethod.php(36): Illuminate\\Queue\\Console\\WorkCommand->handle()\n#34 C:\\laragon\\www\\nobl_backend\\vendor\\laravel\\framework\\src\\Illuminate\\Container\\Util.php(43): Illuminate\\Container\\BoundMethod::Illuminate\\Container\\{closure}()\n#35 C:\\laragon\\www\\nobl_backend\\vendor\\laravel\\framework\\src\\Illuminate\\Container\\BoundMethod.php(96): Illuminate\\Container\\Util::unwrapIfClosure(Object(Closure))\n#36 C:\\laragon\\www\\nobl_backend\\vendor\\laravel\\framework\\src\\Illuminate\\Container\\BoundMethod.php(35): Illuminate\\Container\\BoundMethod::callBoundMethod(Object(Illuminate\\Foundation\\Application), Array, Object(Closure))\n#37 C:\\laragon\\www\\nobl_backend\\vendor\\laravel\\framework\\src\\Illuminate\\Container\\Container.php(754): Illuminate\\Container\\BoundMethod::call(Object(Illuminate\\Foundation\\Application), Array, Array, NULL)\n#38 C:\\laragon\\www\\nobl_backend\\vendor\\laravel\\framework\\src\\Illuminate\\Console\\Command.php(211): Illuminate\\Container\\Container->call(Array)\n#39 C:\\laragon\\www\\nobl_backend\\vendor\\symfony\\console\\Command\\Command.php(279): Illuminate\\Console\\Command->execute(Object(Symfony\\Component\\Console\\Input\\ArgvInput), Object(Illuminate\\Console\\OutputStyle))\n#40 C:\\laragon\\www\\nobl_backend\\vendor\\laravel\\framework\\src\\Illuminate\\Console\\Command.php(180): Symfony\\Component\\Console\\Command\\Command->run(Object(Symfony\\Component\\Console\\Input\\ArgvInput), Object(Illuminate\\Console\\OutputStyle))\n#41 C:\\laragon\\www\\nobl_backend\\vendor\\symfony\\console\\Application.php(1094): Illuminate\\Console\\Command->run(Object(Symfony\\Component\\Console\\Input\\ArgvInput), Object(Symfony\\Component\\Console\\Output\\ConsoleOutput))\n#42 C:\\laragon\\www\\nobl_backend\\vendor\\symfony\\console\\Application.php(342): Symfony\\Component\\Console\\Application->doRunCommand(Object(Illuminate\\Queue\\Console\\WorkCommand), Object(Symfony\\Component\\Console\\Input\\ArgvInput), Object(Symfony\\Component\\Console\\Output\\ConsoleOutput))\n#43 C:\\laragon\\www\\nobl_backend\\vendor\\symfony\\console\\Application.php(193): Symfony\\Component\\Console\\Application->doRun(Object(Symfony\\Component\\Console\\Input\\ArgvInput), Object(Symfony\\Component\\Console\\Output\\ConsoleOutput))\n#44 C:\\laragon\\www\\nobl_backend\\vendor\\laravel\\framework\\src\\Illuminate\\Foundation\\Console\\Kernel.php(197): Symfony\\Component\\Console\\Application->run(Object(Symfony\\Component\\Console\\Input\\ArgvInput), Object(Symfony\\Component\\Console\\Output\\ConsoleOutput))\n#45 C:\\laragon\\www\\nobl_backend\\vendor\\laravel\\framework\\src\\Illuminate\\Foundation\\Application.php(1234): Illuminate\\Foundation\\Console\\Kernel->handle(Object(Symfony\\Component\\Console\\Input\\ArgvInput), Object(Symfony\\Component\\Console\\Output\\ConsoleOutput))\n#46 C:\\laragon\\www\\nobl_backend\\artisan(16): Illuminate\\Foundation\\Application->handleCommand(Object(Symfony\\Component\\Console\\Input\\ArgvInput))\n#47 {main}', '2025-05-29 00:05:15'),
(10, '962acfb1-9749-4303-89db-02a811fc8334', 'database', 'default', '{\"uuid\":\"962acfb1-9749-4303-89db-02a811fc8334\",\"displayName\":\"App\\\\Mail\\\\OtpMail\",\"job\":\"Illuminate\\\\Queue\\\\CallQueuedHandler@call\",\"maxTries\":null,\"maxExceptions\":null,\"failOnTimeout\":false,\"backoff\":null,\"timeout\":null,\"retryUntil\":null,\"data\":{\"commandName\":\"Illuminate\\\\Mail\\\\SendQueuedMailable\",\"command\":\"O:34:\\\"Illuminate\\\\Mail\\\\SendQueuedMailable\\\":15:{s:8:\\\"mailable\\\";O:16:\\\"App\\\\Mail\\\\OtpMail\\\":3:{s:3:\\\"otp\\\";i:205050;s:2:\\\"to\\\";a:1:{i:0;a:2:{s:4:\\\"name\\\";N;s:7:\\\"address\\\";s:24:\\\"arifbiswas1020@gmail.com\\\";}}s:6:\\\"mailer\\\";s:4:\\\"smtp\\\";}s:5:\\\"tries\\\";N;s:7:\\\"timeout\\\";N;s:13:\\\"maxExceptions\\\";N;s:17:\\\"shouldBeEncrypted\\\";b:0;s:10:\\\"connection\\\";N;s:5:\\\"queue\\\";N;s:5:\\\"delay\\\";N;s:11:\\\"afterCommit\\\";N;s:10:\\\"middleware\\\";a:0:{}s:7:\\\"chained\\\";a:0:{}s:15:\\\"chainConnection\\\";N;s:10:\\\"chainQueue\\\";N;s:19:\\\"chainCatchCallbacks\\\";N;s:3:\\\"job\\\";N;}\"}}', 'ErrorException: Trying to access array offset on value of type null in C:\\laragon\\www\\nobl_backend\\vendor\\symfony\\mailer\\Transport\\Smtp\\Stream\\AbstractStream.php:91\nStack trace:\n#0 C:\\laragon\\www\\nobl_backend\\vendor\\laravel\\framework\\src\\Illuminate\\Foundation\\Bootstrap\\HandleExceptions.php(256): Illuminate\\Foundation\\Bootstrap\\HandleExceptions->handleError(2, \'Trying to acces...\', \'C:\\\\laragon\\\\www\\\\...\', 91)\n#1 C:\\laragon\\www\\nobl_backend\\vendor\\symfony\\mailer\\Transport\\Smtp\\Stream\\AbstractStream.php(91): Illuminate\\Foundation\\Bootstrap\\HandleExceptions->Illuminate\\Foundation\\Bootstrap\\{closure}(2, \'Trying to acces...\', \'C:\\\\laragon\\\\www\\\\...\', 91)\n#2 C:\\laragon\\www\\nobl_backend\\vendor\\symfony\\mailer\\Transport\\Smtp\\SmtpTransport.php(350): Symfony\\Component\\Mailer\\Transport\\Smtp\\Stream\\AbstractStream->readLine()\n#3 C:\\laragon\\www\\nobl_backend\\vendor\\symfony\\mailer\\Transport\\Smtp\\SmtpTransport.php(197): Symfony\\Component\\Mailer\\Transport\\Smtp\\SmtpTransport->getFullResponse()\n#4 C:\\laragon\\www\\nobl_backend\\vendor\\symfony\\mailer\\Transport\\Smtp\\EsmtpTransport.php(134): Symfony\\Component\\Mailer\\Transport\\Smtp\\SmtpTransport->executeCommand(\'RSET\\r\\n\', Array)\n#5 C:\\laragon\\www\\nobl_backend\\vendor\\symfony\\mailer\\Transport\\Smtp\\EsmtpTransport.php(228): Symfony\\Component\\Mailer\\Transport\\Smtp\\EsmtpTransport->executeCommand(\'RSET\\r\\n\', Array)\n#6 C:\\laragon\\www\\nobl_backend\\vendor\\symfony\\mailer\\Transport\\Smtp\\EsmtpTransport.php(177): Symfony\\Component\\Mailer\\Transport\\Smtp\\EsmtpTransport->handleAuth(Array)\n#7 C:\\laragon\\www\\nobl_backend\\vendor\\symfony\\mailer\\Transport\\Smtp\\EsmtpTransport.php(134): Symfony\\Component\\Mailer\\Transport\\Smtp\\EsmtpTransport->doEhloCommand()\n#8 C:\\laragon\\www\\nobl_backend\\vendor\\symfony\\mailer\\Transport\\Smtp\\SmtpTransport.php(255): Symfony\\Component\\Mailer\\Transport\\Smtp\\EsmtpTransport->executeCommand(\'HELO localhost\\r...\', Array)\n#9 C:\\laragon\\www\\nobl_backend\\vendor\\symfony\\mailer\\Transport\\Smtp\\SmtpTransport.php(281): Symfony\\Component\\Mailer\\Transport\\Smtp\\SmtpTransport->doHeloCommand()\n#10 C:\\laragon\\www\\nobl_backend\\vendor\\symfony\\mailer\\Transport\\Smtp\\SmtpTransport.php(211): Symfony\\Component\\Mailer\\Transport\\Smtp\\SmtpTransport->start()\n#11 C:\\laragon\\www\\nobl_backend\\vendor\\symfony\\mailer\\Transport\\AbstractTransport.php(69): Symfony\\Component\\Mailer\\Transport\\Smtp\\SmtpTransport->doSend(Object(Symfony\\Component\\Mailer\\SentMessage))\n#12 C:\\laragon\\www\\nobl_backend\\vendor\\symfony\\mailer\\Transport\\Smtp\\SmtpTransport.php(138): Symfony\\Component\\Mailer\\Transport\\AbstractTransport->send(Object(Symfony\\Component\\Mime\\Email), Object(Symfony\\Component\\Mailer\\DelayedEnvelope))\n#13 C:\\laragon\\www\\nobl_backend\\vendor\\laravel\\framework\\src\\Illuminate\\Mail\\Mailer.php(584): Symfony\\Component\\Mailer\\Transport\\Smtp\\SmtpTransport->send(Object(Symfony\\Component\\Mime\\Email), Object(Symfony\\Component\\Mailer\\DelayedEnvelope))\n#14 C:\\laragon\\www\\nobl_backend\\vendor\\laravel\\framework\\src\\Illuminate\\Mail\\Mailer.php(331): Illuminate\\Mail\\Mailer->sendSymfonyMessage(Object(Symfony\\Component\\Mime\\Email))\n#15 C:\\laragon\\www\\nobl_backend\\vendor\\laravel\\framework\\src\\Illuminate\\Mail\\Mailable.php(206): Illuminate\\Mail\\Mailer->send(\'email.otp\', Array, Object(Closure))\n#16 C:\\laragon\\www\\nobl_backend\\vendor\\laravel\\framework\\src\\Illuminate\\Support\\Traits\\Localizable.php(19): Illuminate\\Mail\\Mailable->Illuminate\\Mail\\{closure}()\n#17 C:\\laragon\\www\\nobl_backend\\vendor\\laravel\\framework\\src\\Illuminate\\Mail\\Mailable.php(199): Illuminate\\Mail\\Mailable->withLocale(NULL, Object(Closure))\n#18 C:\\laragon\\www\\nobl_backend\\vendor\\laravel\\framework\\src\\Illuminate\\Mail\\SendQueuedMailable.php(82): Illuminate\\Mail\\Mailable->send(Object(Illuminate\\Mail\\MailManager))\n#19 C:\\laragon\\www\\nobl_backend\\vendor\\laravel\\framework\\src\\Illuminate\\Container\\BoundMethod.php(36): Illuminate\\Mail\\SendQueuedMailable->handle(Object(Illuminate\\Mail\\MailManager))\n#20 C:\\laragon\\www\\nobl_backend\\vendor\\laravel\\framework\\src\\Illuminate\\Container\\Util.php(43): Illuminate\\Container\\BoundMethod::Illuminate\\Container\\{closure}()\n#21 C:\\laragon\\www\\nobl_backend\\vendor\\laravel\\framework\\src\\Illuminate\\Container\\BoundMethod.php(96): Illuminate\\Container\\Util::unwrapIfClosure(Object(Closure))\n#22 C:\\laragon\\www\\nobl_backend\\vendor\\laravel\\framework\\src\\Illuminate\\Container\\BoundMethod.php(35): Illuminate\\Container\\BoundMethod::callBoundMethod(Object(Illuminate\\Foundation\\Application), Array, Object(Closure))\n#23 C:\\laragon\\www\\nobl_backend\\vendor\\laravel\\framework\\src\\Illuminate\\Container\\Container.php(754): Illuminate\\Container\\BoundMethod::call(Object(Illuminate\\Foundation\\Application), Array, Array, NULL)\n#24 C:\\laragon\\www\\nobl_backend\\vendor\\laravel\\framework\\src\\Illuminate\\Bus\\Dispatcher.php(125): Illuminate\\Container\\Container->call(Array)\n#25 C:\\laragon\\www\\nobl_backend\\vendor\\laravel\\framework\\src\\Illuminate\\Pipeline\\Pipeline.php(169): Illuminate\\Bus\\Dispatcher->Illuminate\\Bus\\{closure}(Object(Illuminate\\Mail\\SendQueuedMailable))\n#26 C:\\laragon\\www\\nobl_backend\\vendor\\laravel\\framework\\src\\Illuminate\\Pipeline\\Pipeline.php(126): Illuminate\\Pipeline\\Pipeline->Illuminate\\Pipeline\\{closure}(Object(Illuminate\\Mail\\SendQueuedMailable))\n#27 C:\\laragon\\www\\nobl_backend\\vendor\\laravel\\framework\\src\\Illuminate\\Bus\\Dispatcher.php(129): Illuminate\\Pipeline\\Pipeline->then(Object(Closure))\n#28 C:\\laragon\\www\\nobl_backend\\vendor\\laravel\\framework\\src\\Illuminate\\Queue\\CallQueuedHandler.php(125): Illuminate\\Bus\\Dispatcher->dispatchNow(Object(Illuminate\\Mail\\SendQueuedMailable), false)\n#29 C:\\laragon\\www\\nobl_backend\\vendor\\laravel\\framework\\src\\Illuminate\\Pipeline\\Pipeline.php(169): Illuminate\\Queue\\CallQueuedHandler->Illuminate\\Queue\\{closure}(Object(Illuminate\\Mail\\SendQueuedMailable))\n#30 C:\\laragon\\www\\nobl_backend\\vendor\\laravel\\framework\\src\\Illuminate\\Pipeline\\Pipeline.php(126): Illuminate\\Pipeline\\Pipeline->Illuminate\\Pipeline\\{closure}(Object(Illuminate\\Mail\\SendQueuedMailable))\n#31 C:\\laragon\\www\\nobl_backend\\vendor\\laravel\\framework\\src\\Illuminate\\Queue\\CallQueuedHandler.php(120): Illuminate\\Pipeline\\Pipeline->then(Object(Closure))\n#32 C:\\laragon\\www\\nobl_backend\\vendor\\laravel\\framework\\src\\Illuminate\\Queue\\CallQueuedHandler.php(68): Illuminate\\Queue\\CallQueuedHandler->dispatchThroughMiddleware(Object(Illuminate\\Queue\\Jobs\\DatabaseJob), Object(Illuminate\\Mail\\SendQueuedMailable))\n#33 C:\\laragon\\www\\nobl_backend\\vendor\\laravel\\framework\\src\\Illuminate\\Queue\\Jobs\\Job.php(102): Illuminate\\Queue\\CallQueuedHandler->call(Object(Illuminate\\Queue\\Jobs\\DatabaseJob), Array)\n#34 C:\\laragon\\www\\nobl_backend\\vendor\\laravel\\framework\\src\\Illuminate\\Queue\\Worker.php(441): Illuminate\\Queue\\Jobs\\Job->fire()\n#35 C:\\laragon\\www\\nobl_backend\\vendor\\laravel\\framework\\src\\Illuminate\\Queue\\Worker.php(391): Illuminate\\Queue\\Worker->process(\'database\', Object(Illuminate\\Queue\\Jobs\\DatabaseJob), Object(Illuminate\\Queue\\WorkerOptions))\n#36 C:\\laragon\\www\\nobl_backend\\vendor\\laravel\\framework\\src\\Illuminate\\Queue\\Worker.php(177): Illuminate\\Queue\\Worker->runJob(Object(Illuminate\\Queue\\Jobs\\DatabaseJob), \'database\', Object(Illuminate\\Queue\\WorkerOptions))\n#37 C:\\laragon\\www\\nobl_backend\\vendor\\laravel\\framework\\src\\Illuminate\\Queue\\Console\\WorkCommand.php(148): Illuminate\\Queue\\Worker->daemon(\'database\', \'default\', Object(Illuminate\\Queue\\WorkerOptions))\n#38 C:\\laragon\\www\\nobl_backend\\vendor\\laravel\\framework\\src\\Illuminate\\Queue\\Console\\WorkCommand.php(131): Illuminate\\Queue\\Console\\WorkCommand->runWorker(\'database\', \'default\')\n#39 C:\\laragon\\www\\nobl_backend\\vendor\\laravel\\framework\\src\\Illuminate\\Container\\BoundMethod.php(36): Illuminate\\Queue\\Console\\WorkCommand->handle()\n#40 C:\\laragon\\www\\nobl_backend\\vendor\\laravel\\framework\\src\\Illuminate\\Container\\Util.php(43): Illuminate\\Container\\BoundMethod::Illuminate\\Container\\{closure}()\n#41 C:\\laragon\\www\\nobl_backend\\vendor\\laravel\\framework\\src\\Illuminate\\Container\\BoundMethod.php(96): Illuminate\\Container\\Util::unwrapIfClosure(Object(Closure))\n#42 C:\\laragon\\www\\nobl_backend\\vendor\\laravel\\framework\\src\\Illuminate\\Container\\BoundMethod.php(35): Illuminate\\Container\\BoundMethod::callBoundMethod(Object(Illuminate\\Foundation\\Application), Array, Object(Closure))\n#43 C:\\laragon\\www\\nobl_backend\\vendor\\laravel\\framework\\src\\Illuminate\\Container\\Container.php(754): Illuminate\\Container\\BoundMethod::call(Object(Illuminate\\Foundation\\Application), Array, Array, NULL)\n#44 C:\\laragon\\www\\nobl_backend\\vendor\\laravel\\framework\\src\\Illuminate\\Console\\Command.php(211): Illuminate\\Container\\Container->call(Array)\n#45 C:\\laragon\\www\\nobl_backend\\vendor\\symfony\\console\\Command\\Command.php(279): Illuminate\\Console\\Command->execute(Object(Symfony\\Component\\Console\\Input\\ArgvInput), Object(Illuminate\\Console\\OutputStyle))\n#46 C:\\laragon\\www\\nobl_backend\\vendor\\laravel\\framework\\src\\Illuminate\\Console\\Command.php(180): Symfony\\Component\\Console\\Command\\Command->run(Object(Symfony\\Component\\Console\\Input\\ArgvInput), Object(Illuminate\\Console\\OutputStyle))\n#47 C:\\laragon\\www\\nobl_backend\\vendor\\symfony\\console\\Application.php(1094): Illuminate\\Console\\Command->run(Object(Symfony\\Component\\Console\\Input\\ArgvInput), Object(Symfony\\Component\\Console\\Output\\ConsoleOutput))\n#48 C:\\laragon\\www\\nobl_backend\\vendor\\symfony\\console\\Application.php(342): Symfony\\Component\\Console\\Application->doRunCommand(Object(Illuminate\\Queue\\Console\\WorkCommand), Object(Symfony\\Component\\Console\\Input\\ArgvInput), Object(Symfony\\Component\\Console\\Output\\ConsoleOutput))\n#49 C:\\laragon\\www\\nobl_backend\\vendor\\symfony\\console\\Application.php(193): Symfony\\Component\\Console\\Application->doRun(Object(Symfony\\Component\\Console\\Input\\ArgvInput), Object(Symfony\\Component\\Console\\Output\\ConsoleOutput))\n#50 C:\\laragon\\www\\nobl_backend\\vendor\\laravel\\framework\\src\\Illuminate\\Foundation\\Console\\Kernel.php(197): Symfony\\Component\\Console\\Application->run(Object(Symfony\\Component\\Console\\Input\\ArgvInput), Object(Symfony\\Component\\Console\\Output\\ConsoleOutput))\n#51 C:\\laragon\\www\\nobl_backend\\vendor\\laravel\\framework\\src\\Illuminate\\Foundation\\Application.php(1234): Illuminate\\Foundation\\Console\\Kernel->handle(Object(Symfony\\Component\\Console\\Input\\ArgvInput), Object(Symfony\\Component\\Console\\Output\\ConsoleOutput))\n#52 C:\\laragon\\www\\nobl_backend\\artisan(16): Illuminate\\Foundation\\Application->handleCommand(Object(Symfony\\Component\\Console\\Input\\ArgvInput))\n#53 {main}', '2025-05-29 00:06:40'),
(11, '0f46df6d-64bc-425c-b62b-690527924a42', 'database', 'default', '{\"uuid\":\"0f46df6d-64bc-425c-b62b-690527924a42\",\"displayName\":\"App\\\\Mail\\\\OtpMail\",\"job\":\"Illuminate\\\\Queue\\\\CallQueuedHandler@call\",\"maxTries\":null,\"maxExceptions\":null,\"failOnTimeout\":false,\"backoff\":null,\"timeout\":null,\"retryUntil\":null,\"data\":{\"commandName\":\"Illuminate\\\\Mail\\\\SendQueuedMailable\",\"command\":\"O:34:\\\"Illuminate\\\\Mail\\\\SendQueuedMailable\\\":15:{s:8:\\\"mailable\\\";O:16:\\\"App\\\\Mail\\\\OtpMail\\\":3:{s:3:\\\"otp\\\";i:297648;s:2:\\\"to\\\";a:1:{i:0;a:2:{s:4:\\\"name\\\";N;s:7:\\\"address\\\";s:24:\\\"arifbiswas1020@gmail.com\\\";}}s:6:\\\"mailer\\\";s:4:\\\"smtp\\\";}s:5:\\\"tries\\\";N;s:7:\\\"timeout\\\";N;s:13:\\\"maxExceptions\\\";N;s:17:\\\"shouldBeEncrypted\\\";b:0;s:10:\\\"connection\\\";N;s:5:\\\"queue\\\";N;s:5:\\\"delay\\\";N;s:11:\\\"afterCommit\\\";N;s:10:\\\"middleware\\\";a:0:{}s:7:\\\"chained\\\";a:0:{}s:15:\\\"chainConnection\\\";N;s:10:\\\"chainQueue\\\";N;s:19:\\\"chainCatchCallbacks\\\";N;s:3:\\\"job\\\";N;}\"}}', 'Symfony\\Component\\Mailer\\Exception\\TransportException: Failed to authenticate on SMTP server with username \"45dbf6a6602d07\" using the following authenticators: \"CRAM-MD5\", \"LOGIN\", \"PLAIN\". Authenticator \"CRAM-MD5\" returned \"Expected response code \"235\" but got code \"535\", with message \"535 5.7.0 Too many failed login attempts\".\". Authenticator \"LOGIN\" returned \"Expected response code \"334\" but got empty code.\". Authenticator \"PLAIN\" returned \"Expected response code \"235\" but got empty code.\". in C:\\laragon\\www\\nobl_backend\\vendor\\symfony\\mailer\\Transport\\Smtp\\EsmtpTransport.php:247\nStack trace:\n#0 C:\\laragon\\www\\nobl_backend\\vendor\\symfony\\mailer\\Transport\\Smtp\\EsmtpTransport.php(177): Symfony\\Component\\Mailer\\Transport\\Smtp\\EsmtpTransport->handleAuth(Array)\n#1 C:\\laragon\\www\\nobl_backend\\vendor\\symfony\\mailer\\Transport\\Smtp\\EsmtpTransport.php(134): Symfony\\Component\\Mailer\\Transport\\Smtp\\EsmtpTransport->doEhloCommand()\n#2 C:\\laragon\\www\\nobl_backend\\vendor\\symfony\\mailer\\Transport\\Smtp\\SmtpTransport.php(255): Symfony\\Component\\Mailer\\Transport\\Smtp\\EsmtpTransport->executeCommand(\'HELO localhost\\r...\', Array)\n#3 C:\\laragon\\www\\nobl_backend\\vendor\\symfony\\mailer\\Transport\\Smtp\\SmtpTransport.php(281): Symfony\\Component\\Mailer\\Transport\\Smtp\\SmtpTransport->doHeloCommand()\n#4 C:\\laragon\\www\\nobl_backend\\vendor\\symfony\\mailer\\Transport\\Smtp\\SmtpTransport.php(211): Symfony\\Component\\Mailer\\Transport\\Smtp\\SmtpTransport->start()\n#5 C:\\laragon\\www\\nobl_backend\\vendor\\symfony\\mailer\\Transport\\AbstractTransport.php(69): Symfony\\Component\\Mailer\\Transport\\Smtp\\SmtpTransport->doSend(Object(Symfony\\Component\\Mailer\\SentMessage))\n#6 C:\\laragon\\www\\nobl_backend\\vendor\\symfony\\mailer\\Transport\\Smtp\\SmtpTransport.php(138): Symfony\\Component\\Mailer\\Transport\\AbstractTransport->send(Object(Symfony\\Component\\Mime\\Email), Object(Symfony\\Component\\Mailer\\DelayedEnvelope))\n#7 C:\\laragon\\www\\nobl_backend\\vendor\\laravel\\framework\\src\\Illuminate\\Mail\\Mailer.php(584): Symfony\\Component\\Mailer\\Transport\\Smtp\\SmtpTransport->send(Object(Symfony\\Component\\Mime\\Email), Object(Symfony\\Component\\Mailer\\DelayedEnvelope))\n#8 C:\\laragon\\www\\nobl_backend\\vendor\\laravel\\framework\\src\\Illuminate\\Mail\\Mailer.php(331): Illuminate\\Mail\\Mailer->sendSymfonyMessage(Object(Symfony\\Component\\Mime\\Email))\n#9 C:\\laragon\\www\\nobl_backend\\vendor\\laravel\\framework\\src\\Illuminate\\Mail\\Mailable.php(206): Illuminate\\Mail\\Mailer->send(\'email.otp\', Array, Object(Closure))\n#10 C:\\laragon\\www\\nobl_backend\\vendor\\laravel\\framework\\src\\Illuminate\\Support\\Traits\\Localizable.php(19): Illuminate\\Mail\\Mailable->Illuminate\\Mail\\{closure}()\n#11 C:\\laragon\\www\\nobl_backend\\vendor\\laravel\\framework\\src\\Illuminate\\Mail\\Mailable.php(199): Illuminate\\Mail\\Mailable->withLocale(NULL, Object(Closure))\n#12 C:\\laragon\\www\\nobl_backend\\vendor\\laravel\\framework\\src\\Illuminate\\Mail\\SendQueuedMailable.php(82): Illuminate\\Mail\\Mailable->send(Object(Illuminate\\Mail\\MailManager))\n#13 C:\\laragon\\www\\nobl_backend\\vendor\\laravel\\framework\\src\\Illuminate\\Container\\BoundMethod.php(36): Illuminate\\Mail\\SendQueuedMailable->handle(Object(Illuminate\\Mail\\MailManager))\n#14 C:\\laragon\\www\\nobl_backend\\vendor\\laravel\\framework\\src\\Illuminate\\Container\\Util.php(43): Illuminate\\Container\\BoundMethod::Illuminate\\Container\\{closure}()\n#15 C:\\laragon\\www\\nobl_backend\\vendor\\laravel\\framework\\src\\Illuminate\\Container\\BoundMethod.php(96): Illuminate\\Container\\Util::unwrapIfClosure(Object(Closure))\n#16 C:\\laragon\\www\\nobl_backend\\vendor\\laravel\\framework\\src\\Illuminate\\Container\\BoundMethod.php(35): Illuminate\\Container\\BoundMethod::callBoundMethod(Object(Illuminate\\Foundation\\Application), Array, Object(Closure))\n#17 C:\\laragon\\www\\nobl_backend\\vendor\\laravel\\framework\\src\\Illuminate\\Container\\Container.php(754): Illuminate\\Container\\BoundMethod::call(Object(Illuminate\\Foundation\\Application), Array, Array, NULL)\n#18 C:\\laragon\\www\\nobl_backend\\vendor\\laravel\\framework\\src\\Illuminate\\Bus\\Dispatcher.php(125): Illuminate\\Container\\Container->call(Array)\n#19 C:\\laragon\\www\\nobl_backend\\vendor\\laravel\\framework\\src\\Illuminate\\Pipeline\\Pipeline.php(169): Illuminate\\Bus\\Dispatcher->Illuminate\\Bus\\{closure}(Object(Illuminate\\Mail\\SendQueuedMailable))\n#20 C:\\laragon\\www\\nobl_backend\\vendor\\laravel\\framework\\src\\Illuminate\\Pipeline\\Pipeline.php(126): Illuminate\\Pipeline\\Pipeline->Illuminate\\Pipeline\\{closure}(Object(Illuminate\\Mail\\SendQueuedMailable))\n#21 C:\\laragon\\www\\nobl_backend\\vendor\\laravel\\framework\\src\\Illuminate\\Bus\\Dispatcher.php(129): Illuminate\\Pipeline\\Pipeline->then(Object(Closure))\n#22 C:\\laragon\\www\\nobl_backend\\vendor\\laravel\\framework\\src\\Illuminate\\Queue\\CallQueuedHandler.php(125): Illuminate\\Bus\\Dispatcher->dispatchNow(Object(Illuminate\\Mail\\SendQueuedMailable), false)\n#23 C:\\laragon\\www\\nobl_backend\\vendor\\laravel\\framework\\src\\Illuminate\\Pipeline\\Pipeline.php(169): Illuminate\\Queue\\CallQueuedHandler->Illuminate\\Queue\\{closure}(Object(Illuminate\\Mail\\SendQueuedMailable))\n#24 C:\\laragon\\www\\nobl_backend\\vendor\\laravel\\framework\\src\\Illuminate\\Pipeline\\Pipeline.php(126): Illuminate\\Pipeline\\Pipeline->Illuminate\\Pipeline\\{closure}(Object(Illuminate\\Mail\\SendQueuedMailable))\n#25 C:\\laragon\\www\\nobl_backend\\vendor\\laravel\\framework\\src\\Illuminate\\Queue\\CallQueuedHandler.php(120): Illuminate\\Pipeline\\Pipeline->then(Object(Closure))\n#26 C:\\laragon\\www\\nobl_backend\\vendor\\laravel\\framework\\src\\Illuminate\\Queue\\CallQueuedHandler.php(68): Illuminate\\Queue\\CallQueuedHandler->dispatchThroughMiddleware(Object(Illuminate\\Queue\\Jobs\\DatabaseJob), Object(Illuminate\\Mail\\SendQueuedMailable))\n#27 C:\\laragon\\www\\nobl_backend\\vendor\\laravel\\framework\\src\\Illuminate\\Queue\\Jobs\\Job.php(102): Illuminate\\Queue\\CallQueuedHandler->call(Object(Illuminate\\Queue\\Jobs\\DatabaseJob), Array)\n#28 C:\\laragon\\www\\nobl_backend\\vendor\\laravel\\framework\\src\\Illuminate\\Queue\\Worker.php(441): Illuminate\\Queue\\Jobs\\Job->fire()\n#29 C:\\laragon\\www\\nobl_backend\\vendor\\laravel\\framework\\src\\Illuminate\\Queue\\Worker.php(391): Illuminate\\Queue\\Worker->process(\'database\', Object(Illuminate\\Queue\\Jobs\\DatabaseJob), Object(Illuminate\\Queue\\WorkerOptions))\n#30 C:\\laragon\\www\\nobl_backend\\vendor\\laravel\\framework\\src\\Illuminate\\Queue\\Worker.php(177): Illuminate\\Queue\\Worker->runJob(Object(Illuminate\\Queue\\Jobs\\DatabaseJob), \'database\', Object(Illuminate\\Queue\\WorkerOptions))\n#31 C:\\laragon\\www\\nobl_backend\\vendor\\laravel\\framework\\src\\Illuminate\\Queue\\Console\\WorkCommand.php(148): Illuminate\\Queue\\Worker->daemon(\'database\', \'default\', Object(Illuminate\\Queue\\WorkerOptions))\n#32 C:\\laragon\\www\\nobl_backend\\vendor\\laravel\\framework\\src\\Illuminate\\Queue\\Console\\WorkCommand.php(131): Illuminate\\Queue\\Console\\WorkCommand->runWorker(\'database\', \'default\')\n#33 C:\\laragon\\www\\nobl_backend\\vendor\\laravel\\framework\\src\\Illuminate\\Container\\BoundMethod.php(36): Illuminate\\Queue\\Console\\WorkCommand->handle()\n#34 C:\\laragon\\www\\nobl_backend\\vendor\\laravel\\framework\\src\\Illuminate\\Container\\Util.php(43): Illuminate\\Container\\BoundMethod::Illuminate\\Container\\{closure}()\n#35 C:\\laragon\\www\\nobl_backend\\vendor\\laravel\\framework\\src\\Illuminate\\Container\\BoundMethod.php(96): Illuminate\\Container\\Util::unwrapIfClosure(Object(Closure))\n#36 C:\\laragon\\www\\nobl_backend\\vendor\\laravel\\framework\\src\\Illuminate\\Container\\BoundMethod.php(35): Illuminate\\Container\\BoundMethod::callBoundMethod(Object(Illuminate\\Foundation\\Application), Array, Object(Closure))\n#37 C:\\laragon\\www\\nobl_backend\\vendor\\laravel\\framework\\src\\Illuminate\\Container\\Container.php(754): Illuminate\\Container\\BoundMethod::call(Object(Illuminate\\Foundation\\Application), Array, Array, NULL)\n#38 C:\\laragon\\www\\nobl_backend\\vendor\\laravel\\framework\\src\\Illuminate\\Console\\Command.php(211): Illuminate\\Container\\Container->call(Array)\n#39 C:\\laragon\\www\\nobl_backend\\vendor\\symfony\\console\\Command\\Command.php(279): Illuminate\\Console\\Command->execute(Object(Symfony\\Component\\Console\\Input\\ArgvInput), Object(Illuminate\\Console\\OutputStyle))\n#40 C:\\laragon\\www\\nobl_backend\\vendor\\laravel\\framework\\src\\Illuminate\\Console\\Command.php(180): Symfony\\Component\\Console\\Command\\Command->run(Object(Symfony\\Component\\Console\\Input\\ArgvInput), Object(Illuminate\\Console\\OutputStyle))\n#41 C:\\laragon\\www\\nobl_backend\\vendor\\symfony\\console\\Application.php(1094): Illuminate\\Console\\Command->run(Object(Symfony\\Component\\Console\\Input\\ArgvInput), Object(Symfony\\Component\\Console\\Output\\ConsoleOutput))\n#42 C:\\laragon\\www\\nobl_backend\\vendor\\symfony\\console\\Application.php(342): Symfony\\Component\\Console\\Application->doRunCommand(Object(Illuminate\\Queue\\Console\\WorkCommand), Object(Symfony\\Component\\Console\\Input\\ArgvInput), Object(Symfony\\Component\\Console\\Output\\ConsoleOutput))\n#43 C:\\laragon\\www\\nobl_backend\\vendor\\symfony\\console\\Application.php(193): Symfony\\Component\\Console\\Application->doRun(Object(Symfony\\Component\\Console\\Input\\ArgvInput), Object(Symfony\\Component\\Console\\Output\\ConsoleOutput))\n#44 C:\\laragon\\www\\nobl_backend\\vendor\\laravel\\framework\\src\\Illuminate\\Foundation\\Console\\Kernel.php(197): Symfony\\Component\\Console\\Application->run(Object(Symfony\\Component\\Console\\Input\\ArgvInput), Object(Symfony\\Component\\Console\\Output\\ConsoleOutput))\n#45 C:\\laragon\\www\\nobl_backend\\vendor\\laravel\\framework\\src\\Illuminate\\Foundation\\Application.php(1234): Illuminate\\Foundation\\Console\\Kernel->handle(Object(Symfony\\Component\\Console\\Input\\ArgvInput), Object(Symfony\\Component\\Console\\Output\\ConsoleOutput))\n#46 C:\\laragon\\www\\nobl_backend\\artisan(16): Illuminate\\Foundation\\Application->handleCommand(Object(Symfony\\Component\\Console\\Input\\ArgvInput))\n#47 {main}', '2025-05-29 00:06:43');

-- --------------------------------------------------------

--
-- Table structure for table `jobs`
--

CREATE TABLE `jobs` (
  `id` bigint UNSIGNED NOT NULL,
  `queue` varchar(255) COLLATE utf8mb4_unicode_ci NOT NULL,
  `payload` longtext COLLATE utf8mb4_unicode_ci NOT NULL,
  `attempts` tinyint UNSIGNED NOT NULL,
  `reserved_at` int UNSIGNED DEFAULT NULL,
  `available_at` int UNSIGNED NOT NULL,
  `created_at` int UNSIGNED NOT NULL
) ENGINE=InnoDB DEFAULT CHARSET=utf8mb4 COLLATE=utf8mb4_unicode_ci;

-- --------------------------------------------------------

--
-- Table structure for table `job_batches`
--

CREATE TABLE `job_batches` (
  `id` varchar(255) COLLATE utf8mb4_unicode_ci NOT NULL,
  `name` varchar(255) COLLATE utf8mb4_unicode_ci NOT NULL,
  `total_jobs` int NOT NULL,
  `pending_jobs` int NOT NULL,
  `failed_jobs` int NOT NULL,
  `failed_job_ids` longtext COLLATE utf8mb4_unicode_ci NOT NULL,
  `options` mediumtext COLLATE utf8mb4_unicode_ci,
  `cancelled_at` int DEFAULT NULL,
  `created_at` int NOT NULL,
  `finished_at` int DEFAULT NULL
) ENGINE=InnoDB DEFAULT CHARSET=utf8mb4 COLLATE=utf8mb4_unicode_ci;

-- --------------------------------------------------------

--
-- Table structure for table `links`
--

CREATE TABLE `links` (
  `id` bigint UNSIGNED NOT NULL,
  `link_type` varchar(255) COLLATE utf8mb4_unicode_ci NOT NULL,
  `thumbnail` varchar(255) COLLATE utf8mb4_unicode_ci NOT NULL,
  `link` text COLLATE utf8mb4_unicode_ci NOT NULL,
  `created_at` timestamp NULL DEFAULT NULL,
  `updated_at` timestamp NULL DEFAULT NULL
) ENGINE=InnoDB DEFAULT CHARSET=utf8mb4 COLLATE=utf8mb4_unicode_ci;

--
-- Dumping data for table `links`
--

INSERT INTO `links` (`id`, `link_type`, `thumbnail`, `link`, `created_at`, `updated_at`) VALUES
(1, 'Google Drive', '1745666365.jpg', 'https://frida.biz', '2025-04-26 05:19:25', '2025-04-26 05:19:25'),
(3, 'Facebook', '1745666415.jpg', 'http://kendra.org', '2025-04-26 05:20:15', '2025-04-26 05:20:15'),
(4, 'Facebook', '1745666778.jpg', 'https://moses.biz', '2025-04-26 05:20:16', '2025-04-26 05:26:18'),
(5, 'Youtube', '1745666417.jpg', 'http://brittany.info', '2025-04-26 05:20:17', '2025-04-26 05:20:17'),
(6, 'Google Drive', '1745666420.jpg', 'https://gabriella.org', '2025-04-26 05:20:20', '2025-04-26 05:20:20'),
(8, 'Google Drive', '1748166739.png', 'https://www.google.com/url?sa=i&url=https%3A%2F%2Fwww.istockphoto.com%2Fphotos%2Fimge&psig=AOvVaw3r-bJDCHcnf0c6rYjMm_Wr&ust=1748251919331000&source=images&cd=vfe&opi=89978449&ved=0CBQQjRxqFwoTCPDx5oaovo0DFQAAAAAdAAAAABAE', '2025-05-25 03:52:19', '2025-05-25 03:52:19'),
(9, 'Google Docs', '1748167161.png', 'https://www.youtube.com/watch?v=psaBpso9BG4&list=RDMM&index=7', '2025-05-25 03:56:18', '2025-05-25 03:59:21'),
(10, 'Google Docs', '1748167353.png', 'https://www.youtube.com/', '2025-05-25 04:02:33', '2025-05-25 04:02:33'),
(11, 'Google Docs', '1748167364.png', 'https://www.youtube.com/', '2025-05-25 04:02:44', '2025-05-25 04:02:44');

-- --------------------------------------------------------

--
-- Table structure for table `migrations`
--

CREATE TABLE `migrations` (
  `id` int UNSIGNED NOT NULL,
  `migration` varchar(255) COLLATE utf8mb4_unicode_ci NOT NULL,
  `batch` int NOT NULL
) ENGINE=InnoDB DEFAULT CHARSET=utf8mb4 COLLATE=utf8mb4_unicode_ci;

--
-- Dumping data for table `migrations`
--

INSERT INTO `migrations` (`id`, `migration`, `batch`) VALUES
(1, '0001_01_01_000000_create_users_table', 1),
(2, '0001_01_01_000001_create_cache_table', 1),
(3, '0001_01_01_000002_create_jobs_table', 1),
(4, '2025_04_25_100914_create_personal_access_tokens_table', 1),
(5, '2025_04_25_123324_create_pages_table', 1),
(6, '2025_04_25_135232_create_categories_table', 2),
(8, '2025_04_25_144407_create_photo_libraries_table', 3),
(9, '2025_04_26_085942_create_videos_table', 4),
(10, '2025_04_26_095103_create_documents_table', 5),
(11, '2025_04_26_111039_create_links_table', 6),
(12, '2025_04_26_114303_create_app_open_counts_table', 7),
(13, '2025_04_26_123803_add_colums_to_documents_table', 8),
(14, '2025_04_26_131501_create_video_comments_table', 9),
(17, '2025_04_29_090946_add_column_to_documents_table', 10),
(18, '2025_05_05_112146_create_audio_table', 11),
(19, '2025_05_30_100708_add_column_to_videos_table', 12),
(20, '2025_05_30_100751_add_column_to_audios_table', 13);

-- --------------------------------------------------------

--
-- Table structure for table `pages`
--

CREATE TABLE `pages` (
  `id` bigint UNSIGNED NOT NULL,
  `type` varchar(255) COLLATE utf8mb4_unicode_ci NOT NULL,
  `text` longtext COLLATE utf8mb4_unicode_ci NOT NULL,
  `created_at` timestamp NULL DEFAULT NULL,
  `updated_at` timestamp NULL DEFAULT NULL
) ENGINE=InnoDB DEFAULT CHARSET=utf8mb4 COLLATE=utf8mb4_unicode_ci;

--
-- Dumping data for table `pages`
--

INSERT INTO `pages` (`id`, `type`, `text`, `created_at`, `updated_at`) VALUES
(1, 'About Us', '<p class=\"ql-align-center\"><span style=\"color: rgb(102, 102, 102); background-color: transparent;\">About Us</span></p><p class=\"ql-align-center\"><strong style=\"color: rgb(0, 0, 0); background-color: transparent;\">REPORT TITLE</strong></p><p class=\"ql-align-center\"><span style=\"color: rgb(0, 0, 0); background-color: transparent;\">LOREM IPSUM DOLOR SIT AMET</span></p><p class=\"ql-align-center\"><span style=\"color: rgb(0, 0, 0); background-color: transparent;\"><img src=\"https://lh7-rt.googleusercontent.com/docsz/AD_4nXdj8Hq1u7dkosIvB9mCOewZFsF7BE8o9IKNNNryns6gBYx4KAQe_tO64mgk4jwCSYOmWxLVgHvbpDDRndDOKanANHMUHH8GsQYLHzIQIjteT5ypIkk36PorjDfRsNOTBSM2cHhwRg?key=sd-AgRazXYkNCsRVeoby7A\" height=\"4\" width=\"624\"></span></p><h1 class=\"ql-align-center\"><span style=\"color: rgb(0, 0, 0); background-color: transparent;\"><img src=\"https://lh7-rt.googleusercontent.com/docsz/AD_4nXdMbAYqS0Q8DlpDP0ALiKdOC0a0hdIuxynBNumkEveMB_Ho3rHW2co_TOHTL8EGfoJP41uAC06eYR1-mscVxRar2Qea1AmeLAy_--XomXnqPbzvjDWQUo2D60THoc_YMfx3FUM6?key=sd-AgRazXYkNCsRVeoby7A\" height=\"445\" width=\"623\"></span></h1><h1 class=\"ql-align-center\"><strong style=\"color: rgb(0, 0, 0); background-color: transparent;\">Introduction</strong></h1><p class=\"ql-align-center\"><span style=\"color: rgb(0, 0, 0); background-color: transparent;\">Lorem ipsum dolor sit amet, consectetuer adipiscing elit, sed diam nonummy nibh euismod tincidunt ut laoreet dolore magna aliquam erat volutpat. Ut wisi enim ad minim veniam, quis nostrud exerci tation ullamcorper suscipit lobortis nisl ut aliquip ex ea commodo consequat. Duis autem vel eum iriure dolor in hendrerit in vulputate velit esse molestie consequat, vel illum dolore eu feugiat nulla facilisis at vero eros et accumsan.</span></p><h2 class=\"ql-align-center\"><strong style=\"color: rgb(0, 0, 0); background-color: transparent;\">Lorem ipsum</strong></h2><p class=\"ql-align-center\"><span style=\"color: rgb(0, 0, 0); background-color: transparent;\">Lorem ipsum dolor sit amet, consectetuer adipiscing elit, sed diam nonummy nibh euismod tincidunt ut laoreet dolore magna aliquam erat volutpat. Ut wisi enim ad minim veniam, quis nostrud exerci tation ullamcorper suscipit lobortis nisl ut aliquip ex ea commodo consequat. Duis autem vel eum iriure dolor in hendrerit in vulputate velit esse molestie consequat, vel illum dolore eu feugiat nulla facilisis at vero eros et accumsan. Nam liber tempor cum soluta nobis eleifend option congue nihil imperdiet doming id quod mazim placerat facer possim assum. Typi non habent claritatem insitam; est usus legentis in iis qui facit eorum claritatem. Investigationes demonstraverunt lectores legere me lius quod ii legunt saepius.</span></p><p class=\"ql-align-center\"><span style=\"color: rgb(0, 0, 0); background-color: transparent;\">Lorem ipsum dolor sit amet, consectetuer adipiscing elit, sed diam nonummy nibh euismod tincidunt ut laoreet dolore magna aliquam erat volutpat. Ut wisi enim ad minim veniam, quis nostrud exerci tation ullamcorper suscipit lobortis nisl ut aliquip ex ea commodo consequat.</span></p><h3 class=\"ql-align-center\"><strong style=\"color: rgb(140, 114, 82); background-color: transparent;\">Dolor sit amet</strong></h3><p class=\"ql-align-center\"><span style=\"color: rgb(0, 0, 0); background-color: transparent;\">Nam liber tempor cum soluta nobis eleifend option congue nihil imperdiet doming id quod mazim placerat facer possim assum. Typi non habent claritatem insitam; est usus legentis in iis qui facit eorum claritatem. Investigationes demonstraverunt lectores legere me lius quod ii legunt saepius. Duis autem vel eum iriure dolor in hendrerit in vulputate velit esse molestie consequat, vel illum dolore eu feugiat nulla facilisis at vero eros et accumsan.</span></p><p><br></p>', '2025-04-25 07:38:43', '2025-05-25 04:20:08'),
(2, 'Terms & Conditions', '<p class=\"ql-align-center\">Terms And Codition</p><p class=\"ql-align-center\"><strong style=\"color: rgb(0, 0, 0); background-color: transparent;\">REPORT TITLE</strong></p><p class=\"ql-align-center\"><span style=\"color: rgb(0, 0, 0); background-color: transparent;\">LOREM IPSUM DOLOR SIT AMET</span></p><p class=\"ql-align-center\"><span style=\"color: rgb(0, 0, 0); background-color: transparent;\"><img src=\"https://lh7-rt.googleusercontent.com/docsz/AD_4nXdj8Hq1u7dkosIvB9mCOewZFsF7BE8o9IKNNNryns6gBYx4KAQe_tO64mgk4jwCSYOmWxLVgHvbpDDRndDOKanANHMUHH8GsQYLHzIQIjteT5ypIkk36PorjDfRsNOTBSM2cHhwRg?key=sd-AgRazXYkNCsRVeoby7A\" height=\"4\" width=\"624\"></span></p><h1 class=\"ql-align-center\"><span style=\"color: rgb(0, 0, 0); background-color: transparent;\"><img src=\"https://lh7-rt.googleusercontent.com/docsz/AD_4nXdMbAYqS0Q8DlpDP0ALiKdOC0a0hdIuxynBNumkEveMB_Ho3rHW2co_TOHTL8EGfoJP41uAC06eYR1-mscVxRar2Qea1AmeLAy_--XomXnqPbzvjDWQUo2D60THoc_YMfx3FUM6?key=sd-AgRazXYkNCsRVeoby7A\" height=\"445\" width=\"623\"></span></h1><h1 class=\"ql-align-center\"><strong style=\"color: rgb(0, 0, 0); background-color: transparent;\">Introduction</strong></h1><p class=\"ql-align-center\"><span style=\"color: rgb(0, 0, 0); background-color: transparent;\">Lorem ipsum dolor sit amet, consectetuer adipiscing elit, sed diam nonummy nibh euismod tincidunt ut laoreet dolore magna aliquam erat volutpat. Ut wisi enim ad minim veniam, quis nostrud exerci tation ullamcorper suscipit lobortis nisl ut aliquip ex ea commodo consequat. Duis autem vel eum iriure dolor in hendrerit in vulputate velit esse molestie consequat, vel illum dolore eu feugiat nulla facilisis at vero eros et accumsan.</span></p><h2 class=\"ql-align-center\"><strong style=\"color: rgb(0, 0, 0); background-color: transparent;\">Lorem ipsum</strong></h2><p class=\"ql-align-center\"><span style=\"color: rgb(0, 0, 0); background-color: transparent;\">Lorem ipsum dolor sit amet, consectetuer adipiscing elit, sed diam nonummy nibh euismod tincidunt ut laoreet dolore magna aliquam erat volutpat. Ut wisi enim ad minim veniam, quis nostrud exerci tation ullamcorper suscipit lobortis nisl ut aliquip ex ea commodo consequat. Duis autem vel eum iriure dolor in hendrerit in vulputate velit esse molestie consequat, vel illum dolore eu feugiat nulla facilisis at vero eros et accumsan. Nam liber tempor cum soluta nobis eleifend option congue nihil imperdiet doming id quod mazim placerat facer possim assum. Typi non habent claritatem insitam; est usus legentis in iis qui facit eorum claritatem. Investigationes demonstraverunt lectores legere me lius quod ii legunt saepius.</span></p><p class=\"ql-align-center\"><span style=\"color: rgb(0, 0, 0); background-color: transparent;\">Lorem ipsum dolor sit amet, consectetuer adipiscing elit, sed diam nonummy nibh euismod tincidunt ut laoreet dolore magna aliquam erat volutpat. Ut wisi enim ad minim veniam, quis nostrud exerci tation ullamcorper suscipit lobortis nisl ut aliquip ex ea commodo consequat.</span></p><h3 class=\"ql-align-center\"><strong style=\"color: rgb(140, 114, 82); background-color: transparent;\">Dolor sit amet</strong></h3><p class=\"ql-align-center\"><span style=\"color: rgb(0, 0, 0); background-color: transparent;\">Nam liber tempor cum soluta nobis eleifend option congue nihil imperdiet doming id quod mazim placerat facer possim assum. Typi non habent claritatem insitam; est usus legentis in iis qui facit eorum claritatem. Investigationes demonstraverunt lectores legere me lius quod ii legunt saepius. Duis autem vel eum iriure dolor in hendrerit in vulputate velit esse molestie consequat, vel illum dolore eu feugiat nulla facilisis at vero eros et accumsan.</span></p>', '2025-04-25 07:38:43', '2025-05-25 04:19:58');

-- --------------------------------------------------------

--
-- Table structure for table `password_reset_tokens`
--

CREATE TABLE `password_reset_tokens` (
  `email` varchar(255) COLLATE utf8mb4_unicode_ci NOT NULL,
  `token` varchar(255) COLLATE utf8mb4_unicode_ci NOT NULL,
  `created_at` timestamp NULL DEFAULT NULL
) ENGINE=InnoDB DEFAULT CHARSET=utf8mb4 COLLATE=utf8mb4_unicode_ci;

-- --------------------------------------------------------

--
-- Table structure for table `personal_access_tokens`
--

CREATE TABLE `personal_access_tokens` (
  `id` bigint UNSIGNED NOT NULL,
  `tokenable_type` varchar(255) COLLATE utf8mb4_unicode_ci NOT NULL,
  `tokenable_id` bigint UNSIGNED NOT NULL,
  `name` varchar(255) COLLATE utf8mb4_unicode_ci NOT NULL,
  `token` varchar(64) COLLATE utf8mb4_unicode_ci NOT NULL,
  `abilities` text COLLATE utf8mb4_unicode_ci,
  `last_used_at` timestamp NULL DEFAULT NULL,
  `expires_at` timestamp NULL DEFAULT NULL,
  `created_at` timestamp NULL DEFAULT NULL,
  `updated_at` timestamp NULL DEFAULT NULL
) ENGINE=InnoDB DEFAULT CHARSET=utf8mb4 COLLATE=utf8mb4_unicode_ci;

--
-- Dumping data for table `personal_access_tokens`
--

INSERT INTO `personal_access_tokens` (`id`, `tokenable_type`, `tokenable_id`, `name`, `token`, `abilities`, `last_used_at`, `expires_at`, `created_at`, `updated_at`) VALUES
(1, 'App\\Models\\User', 1, 'nobl_application', '0dd2c2968fe20e30fbba519433763ecbab2082cbcb827718eebd96ccf814fb99', '[\"*\"]', '2025-04-29 03:36:31', NULL, '2025-04-25 07:38:51', '2025-04-29 03:36:31'),
(2, 'App\\Models\\User', 4, 'nobl_application', '9620c730d32e49fe7a94a463dd8a3309fe44884e979829aa6022ebd963a64b68', '[\"*\"]', NULL, NULL, '2025-04-25 07:41:47', '2025-04-25 07:41:47'),
(3, 'App\\Models\\User', 2, 'nobl_application', '440a0d70d8957ff9541d143ab118365b7d102d84543f8e465f4c9d6f02f1ac8d', '[\"*\"]', '2025-05-05 06:31:51', NULL, '2025-04-26 06:30:17', '2025-05-05 06:31:51'),
(4, 'App\\Models\\User', 2, 'nobl_application', '9f6bd5da5c74f0a18dde4e019f4431bf9abc91f415683d6c31760972516d56d2', '[\"*\"]', NULL, NULL, '2025-05-05 04:50:45', '2025-05-05 04:50:45'),
(5, 'App\\Models\\User', 1, 'nobl_application', '581122f8fdd83ca0715d31f40c2356cf757497cf802454528401f7b0de1e49b3', '[\"*\"]', '2025-05-27 04:35:31', NULL, '2025-05-05 04:50:46', '2025-05-27 04:35:31'),
(6, 'App\\Models\\User', 1, 'nobl_application', 'cb8efccec4193dbe408e30363a5e501ec093aa1dce17ae73ad25fba29f146301', '[\"*\"]', NULL, NULL, '2025-05-20 05:55:42', '2025-05-20 05:55:42'),
(7, 'App\\Models\\User', 1, 'nobl_application', '39cd452785952680d7bb539f290f33ddcc80448d67185287179c4422d38aba85', '[\"*\"]', NULL, NULL, '2025-05-20 05:57:22', '2025-05-20 05:57:22'),
(8, 'App\\Models\\User', 1, 'nobl_application', '51423c52f43dcdc250a3eeb7f9098989613ec2bbf97796c70cae058e4694d7ff', '[\"*\"]', NULL, NULL, '2025-05-20 09:06:00', '2025-05-20 09:06:00'),
(9, 'App\\Models\\User', 1, 'nobl_application', '6b6277d8c68caef8c304445e422fa28152b1e38f18a65b3ea70766561871935f', '[\"*\"]', NULL, NULL, '2025-05-20 09:10:49', '2025-05-20 09:10:49'),
(10, 'App\\Models\\User', 1, 'nobl_application', '0b27fc08f8aafa207b3043645143dd0d3f323626a529f0e5e598994a69132523', '[\"*\"]', '2025-05-28 23:24:24', NULL, '2025-05-20 09:14:04', '2025-05-28 23:24:24'),
(11, 'App\\Models\\User', 1, 'nobl_application', 'f2a4848a6b87d6d59f55447bb88f582335a3b71fa00033545353d8e604927ae6', '[\"*\"]', NULL, NULL, '2025-05-21 05:42:08', '2025-05-21 05:42:08'),
(12, 'App\\Models\\User', 1, 'nobl_application', '520527571f2ee335a8137907a87aac9ea03ca1f746957686b7862d66226e8ba0', '[\"*\"]', NULL, NULL, '2025-05-21 05:52:18', '2025-05-21 05:52:18'),
(13, 'App\\Models\\User', 1, 'nobl_application', 'f1148de03df62000e7daf6eb115dd187bdcd60ccf56bd9ba80ae73bf92b8c0d3', '[\"*\"]', NULL, NULL, '2025-05-21 05:52:35', '2025-05-21 05:52:35'),
(14, 'App\\Models\\User', 1, 'nobl_application', 'f548a3a50e30d56a37f598c8eccd869d04d9fbd000cc6868272a9d17cefcb9bf', '[\"*\"]', NULL, NULL, '2025-05-21 05:56:42', '2025-05-21 05:56:42'),
(15, 'App\\Models\\User', 1, 'nobl_application', 'b601ade247faa3ff84fc1aa3a02da9ab3d0c7969c9084c21edec11bf20fa9ac4', '[\"*\"]', NULL, NULL, '2025-05-21 05:59:27', '2025-05-21 05:59:27'),
(16, 'App\\Models\\User', 1, 'nobl_application', '1399fa51da70bb3f4717f8b0f0938f68872e823fa89a5980c5f8cee0d61f63e9', '[\"*\"]', NULL, NULL, '2025-05-21 06:09:04', '2025-05-21 06:09:04'),
(17, 'App\\Models\\User', 1, 'nobl_application', '48b55d0b78ca26c4d417f06b61909814ea53c106e3d3e379ea676d45f1836a4f', '[\"*\"]', NULL, NULL, '2025-05-21 06:09:23', '2025-05-21 06:09:23'),
(18, 'App\\Models\\User', 1, 'nobl_application', '454296ba1f29868a333c1be1d6e74e70ef0009508d4d1400c3cb64e5ef3339d4', '[\"*\"]', NULL, NULL, '2025-05-21 06:09:39', '2025-05-21 06:09:39'),
(19, 'App\\Models\\User', 1, 'nobl_application', 'dc08311c7b67788437c4d71dd1967191d2cf8e9b802771eda39a95d62fc51ad0', '[\"*\"]', NULL, NULL, '2025-05-21 06:11:30', '2025-05-21 06:11:30'),
(20, 'App\\Models\\User', 1, 'nobl_application', '8d7d93e4ec27c81920d7a7d31067f214c4d99c1e1558eceb94e8bf0d0521b60c', '[\"*\"]', '2025-05-25 05:05:03', NULL, '2025-05-21 06:22:33', '2025-05-25 05:05:03'),
(21, 'App\\Models\\User', 1, 'nobl_application', 'cff7e9b414293d6f1ff9b78f3ef7e99cdb6b56547318a36125db1395cc0283f1', '[\"*\"]', '2025-05-30 05:35:52', NULL, '2025-05-21 06:37:26', '2025-05-30 05:35:52'),
(22, 'App\\Models\\User', 1, 'nobl_application', '37568a9cac567e0e2b9106b05a7fe8ce5cd05746a8169df4cf5a475cc5c1ec5b', '[\"*\"]', '2025-05-25 05:07:10', NULL, '2025-05-25 05:06:57', '2025-05-25 05:07:10'),
(23, 'App\\Models\\User', 1, 'nobl_application', '02f048d1094f93cfc0a31d51835bf1844eb66244c5ae9519504da7a7894fd7d8', '[\"*\"]', '2025-05-30 03:39:50', NULL, '2025-05-25 06:29:08', '2025-05-30 03:39:50'),
(24, 'App\\Models\\User', 20, 'nobl_application', '12c45e301658b96a37d6c866acc696e0e11c21abd58bd8d3088edc75faceecf5', '[\"*\"]', NULL, NULL, '2025-05-25 07:23:13', '2025-05-25 07:23:13'),
(25, 'App\\Models\\User', 20, 'nobl_application', '55b1d55f5236ab7ceca508fec1486b816d1f04350395f9c3f5f1789aaeb14ee0', '[\"*\"]', NULL, NULL, '2025-05-25 07:23:34', '2025-05-25 07:23:34'),
(26, 'App\\Models\\User', 1, 'nobl_application', 'a400f5c02b15a413dc26a24e1de711bbf270077aa31156ebd6ab911a785210b3', '[\"*\"]', NULL, NULL, '2025-05-25 07:24:46', '2025-05-25 07:24:46'),
(27, 'App\\Models\\User', 1, 'nobl_application', '41fe0f0e0629079b0a6c8871fdf7a3d2ed3dbe588f0e5ac73cc8bef9f47d555c', '[\"*\"]', '2025-05-25 07:55:08', NULL, '2025-05-25 07:24:50', '2025-05-25 07:55:08'),
(28, 'App\\Models\\User', 1, 'nobl_application', '874b3e0a2076cd51cdd319886dfc03ec2861e32eeb7d07b5c9f5ee590f01224c', '[\"*\"]', '2025-05-26 07:12:13', NULL, '2025-05-25 07:30:26', '2025-05-26 07:12:13'),
(29, 'App\\Models\\User', 1, 'nobl_application', '3665c1b4436423973d22c8b005efa73f8e3957322b01ac069510d43aee07b924', '[\"*\"]', '2025-05-25 07:57:22', NULL, '2025-05-25 07:48:11', '2025-05-25 07:57:22'),
(30, 'App\\Models\\User', 20, 'nobl_application', 'be542d90d1445b14fd3e12d4925d30a810304fd97ededbc16d906681074569a3', '[\"*\"]', '2025-06-13 07:50:21', NULL, '2025-05-25 07:55:41', '2025-06-13 07:50:21'),
(31, 'App\\Models\\User', 20, 'nobl_application', 'f15eec78667f241af598dc1fa33e41dc3a9222b8057674ea548a5ec8c93ec294', '[\"*\"]', '2025-05-28 11:09:48', NULL, '2025-05-25 07:57:55', '2025-05-28 11:09:48'),
(32, 'App\\Models\\User', 1, 'nobl_application', '143ae1f051c8c4e409f55c257d7a5cef22f5aee23e86512283218b88ec77cc09', '[\"*\"]', '2025-05-26 07:12:34', NULL, '2025-05-26 07:12:29', '2025-05-26 07:12:34'),
(33, 'App\\Models\\User', 20, 'nobl_application', 'cfa1ff9be84b36ec2791b1afc9140199abd0bd2a21d1703906b081b9590f364a', '[\"*\"]', '2025-05-26 08:15:42', NULL, '2025-05-26 07:13:08', '2025-05-26 08:15:42'),
(34, 'App\\Models\\User', 20, 'nobl_application', '0ed5f79d072bccf9391b4b8f68ce40e400bfe7198e57568555fc17e9dec20414', '[\"*\"]', '2025-05-27 03:14:06', NULL, '2025-05-27 03:11:22', '2025-05-27 03:14:06'),
(35, 'App\\Models\\User', 20, 'nobl_application', '40edffd76a84bde8b792bdae82093130c8e562cd93ebc616854180b8a5870fd7', '[\"*\"]', NULL, NULL, '2025-05-27 04:30:34', '2025-05-27 04:30:34'),
(36, 'App\\Models\\User', 20, 'nobl_application', 'b3af26e1f5d5564ac68974e258fc2b4370b7f3525acf4960647bc3d71a41b299', '[\"*\"]', NULL, '2025-05-03 04:34:01', '2025-05-27 04:34:01', '2025-05-27 04:34:01'),
(37, 'App\\Models\\User', 20, 'nobl_application', '2b10082ed3c7bd6837e49c86939a84bb783b8b55d0482d5aaf7ccd1b4ff427de', '[\"*\"]', '2025-05-28 03:48:15', '2025-06-03 04:35:23', '2025-05-27 04:35:23', '2025-05-28 03:48:15'),
(38, 'App\\Models\\User', 1, 'nobl_application', '58cfe73eebdb1ab7773ec630dcd6eac0d6162f9ef89f8096b803ee2e3f2bc2e2', '[\"*\"]', '2025-05-28 03:49:55', '2025-06-04 03:48:01', '2025-05-28 03:48:01', '2025-05-28 03:49:55'),
(39, 'App\\Models\\User', 23, 'nobl_application', 'fa43789fd9eeab7c4f048199b803e2f845b8073bbdeef631f4335125e648c887', '[\"*\"]', '2025-05-28 23:24:28', '2025-06-04 23:24:28', '2025-05-28 23:24:28', '2025-05-28 23:24:28'),
(40, 'App\\Models\\User', 23, 'nobl_application', 'b742c52f4336e91e4acda92df9a4cb7176c00c19bb5c988d9e4349b4921bef6f', '[\"*\"]', '2025-05-28 23:33:51', '2025-06-04 23:33:51', '2025-05-28 23:33:51', '2025-05-28 23:33:51'),
(41, 'App\\Models\\User', 23, 'nobl_application', '86de1b6140d8a820f00b3e6f4d157f8377445bb219b79a6b76c889e72a1d8717', '[\"*\"]', '2025-05-29 00:12:15', '2025-06-05 00:12:14', '2025-05-29 00:12:14', '2025-05-29 00:12:15'),
(42, 'App\\Models\\User', 23, 'nobl_application', '73302c40c6e893991779b3a5e2336271481b54fe3d666da72d897f2fb04ff9c9', '[\"*\"]', '2025-05-29 00:12:15', '2025-06-05 00:12:15', '2025-05-29 00:12:15', '2025-05-29 00:12:15'),
(43, 'App\\Models\\User', 23, 'nobl_application', '54ddc68f372391ee00e942e0bf12fd4a3413c2391e085d8ecc049d9c7deefd07', '[\"*\"]', '2025-05-29 00:15:48', '2025-06-05 00:15:48', '2025-05-29 00:15:48', '2025-05-29 00:15:48'),
(44, 'App\\Models\\User', 23, 'nobl_application', '0cdd4e4ee4c36e74b6863923cbf82ed9ffe7f41b7559e57f3de38e53c9e1d222', '[\"*\"]', NULL, NULL, '2025-05-29 00:33:48', '2025-05-29 00:33:48'),
(45, 'App\\Models\\User', 23, 'nobl_application', 'b532c75ee11f1a7b0c2dc2d77d07ec298f92b4b8cb17542f3ab8decd6e36fbed', '[\"*\"]', NULL, NULL, '2025-05-29 00:35:10', '2025-05-29 00:35:10'),
(46, 'App\\Models\\User', 23, 'nobl_application', 'e28098ec58b6def8f0ba9b035ba86ec3184e8c118f58564d0b34f18a825f884a', '[\"*\"]', NULL, NULL, '2025-05-29 00:40:54', '2025-05-29 00:40:54'),
(47, 'App\\Models\\User', 23, 'nobl_application', '487ce54698f90004aef8d93b57377850b90111437cd913358a975f847f379dbb', '[\"*\"]', NULL, NULL, '2025-05-29 00:44:10', '2025-05-29 00:44:10'),
(48, 'App\\Models\\User', 23, 'nobl_application', 'fc3a1c8d703fb6db112fbc92344e8a397c496187b354bbd536acf0ef45fdb098', '[\"*\"]', NULL, NULL, '2025-05-29 00:48:16', '2025-05-29 00:48:16'),
(49, 'App\\Models\\User', 23, 'nobl_application', '15d7d096d46c6d47fd8fafca367558831267f9d0105c999435df7951036aef46', '[\"*\"]', NULL, NULL, '2025-05-29 01:01:26', '2025-05-29 01:01:26'),
(50, 'App\\Models\\User', 23, 'nobl_application', '7723b98baef868a69ffe49f00e2a48d89a6ee82848ae97f171c5e1b33080ad7a', '[\"*\"]', NULL, NULL, '2025-05-29 01:02:43', '2025-05-29 01:02:43'),
(51, 'App\\Models\\User', 23, 'nobl_application', 'bb95a237f0df63048f86db5dcb849db4ea4a667a2bc7eafb569d8574ccacede4', '[\"*\"]', NULL, NULL, '2025-05-29 01:04:52', '2025-05-29 01:04:52'),
(52, 'App\\Models\\User', 23, 'nobl_application', '631d96b40a404d19e75944d94395147b63050035787533e71ec4e8d314737212', '[\"*\"]', NULL, NULL, '2025-05-29 01:06:38', '2025-05-29 01:06:38'),
(53, 'App\\Models\\User', 23, 'nobl_application', '6b6077d96d21829b7d55bdd6fa4c3a434cacd3b61da6c4b63716862ed8b23a6d', '[\"*\"]', '2025-05-29 01:12:43', NULL, '2025-05-29 01:08:48', '2025-05-29 01:12:43'),
(54, 'App\\Models\\User', 23, 'nobl_application', '8d7a8ce7cd9093c9082ed642d8340476fc5b6c04ef6590151b65597ff559a13a', '[\"*\"]', '2025-05-29 01:25:09', '2025-06-05 01:25:09', '2025-05-29 01:25:09', '2025-05-29 01:25:09'),
(55, 'App\\Models\\User', 23, 'nobl_application', 'ab7033c174928ee1cb81ec6d56043d7d16567818f5f4f26acc3628082f9f2994', '[\"*\"]', '2025-05-29 01:32:11', NULL, '2025-05-29 01:31:59', '2025-05-29 01:32:11'),
(56, 'App\\Models\\User', 23, 'nobl_application', '1e88ece5707f6132e2f7dcc68a7fcac282122b5b2f0ad61061ecf31cecca4982', '[\"*\"]', '2025-06-01 09:06:39', '2025-06-05 01:32:20', '2025-05-29 01:32:20', '2025-06-01 09:06:39'),
(57, 'App\\Models\\User', 23, 'nobl_application', '7d645624e8fb2f74a67de93a72ad4d6d2bcc4ef1ac6be888d7b6cae3b2835132', '[\"*\"]', NULL, NULL, '2025-05-29 02:29:36', '2025-05-29 02:29:36'),
(58, 'App\\Models\\User', 23, 'nobl_application', '3535cb9046d7a76df301f86ad4dab9b1f556e0aef6ba2fc002eedd071e6b0374', '[\"*\"]', '2025-05-29 02:44:29', NULL, '2025-05-29 02:37:30', '2025-05-29 02:44:29'),
(59, 'App\\Models\\User', 23, 'nobl_application', '5125cbd2343745f706196d934bf3992fd5680629d941f5bb3a899c2d17ccdbc1', '[\"*\"]', '2025-05-29 02:54:14', NULL, '2025-05-29 02:46:20', '2025-05-29 02:54:14'),
(60, 'App\\Models\\User', 23, 'nobl_application', '31dc164e404992ba501edab52941d06fb9607791923d9b8092c0abd5d2fa8871', '[\"*\"]', '2025-06-01 02:23:00', '2025-06-05 02:54:50', '2025-05-29 02:54:50', '2025-06-01 02:23:00'),
(61, 'App\\Models\\User', 23, 'nobl_application', '76c2dfdf5ec786e15954ca508238ae60573ca5ae3ff247560a0a8855a9fd14c4', '[\"*\"]', '2025-05-29 08:41:08', '2025-06-05 06:27:29', '2025-05-29 06:27:29', '2025-05-29 08:41:08'),
(62, 'App\\Models\\User', 23, 'nobl_application', 'f9c0494a503c4304c03b543fb08ea5bf850d43b6d9d98ae40b52aad4511ce759', '[\"*\"]', '2025-05-29 09:59:36', '2025-06-05 08:45:05', '2025-05-29 08:45:05', '2025-05-29 09:59:36'),
(63, 'App\\Models\\User', 23, 'nobl_application', 'ebedc19f66a566f81407c0ee8a4596539428c6e15cca48f8b3b2d01e1568f111', '[\"*\"]', '2025-05-30 00:03:07', '2025-06-05 22:45:02', '2025-05-29 22:45:02', '2025-05-30 00:03:07'),
(64, 'App\\Models\\User', 23, 'nobl_application', '9c9fbe4a49b7f21618fda0b9aa6d1294c34edc04903d638e58b98709c158e0a6', '[\"*\"]', '2025-05-30 03:12:34', '2025-06-06 00:06:00', '2025-05-30 00:06:00', '2025-05-30 03:12:34'),
(65, 'App\\Models\\User', 1, 'nobl_application', '70d2ac51c2f83022b5faba80edd4f9756a6f804f823a196d5233a91c744c9e58', '[\"*\"]', '2025-05-30 03:07:47', '2025-06-06 03:07:19', '2025-05-30 03:07:19', '2025-05-30 03:07:47'),
(66, 'App\\Models\\User', 23, 'nobl_application', 'f19c2da6267f4cf25967204df4bbc012e931b72597ef77aa1f514cf4d6f62641', '[\"*\"]', '2025-06-01 07:20:16', '2025-06-06 03:13:50', '2025-05-30 03:13:50', '2025-06-01 07:20:16'),
(67, 'App\\Models\\User', 1, 'nobl_application', 'bd2f9c5d3da73367d27e65765e1c51e04d2eab0f22ed801575348ac496cf5dd3', '[\"*\"]', NULL, '2025-06-06 05:00:34', '2025-05-30 05:00:34', '2025-05-30 05:00:34'),
(68, 'App\\Models\\User', 1, 'nobl_application', 'af7483413ff13e26c2922a18d9d11c622f09248a3dd1436ed59b7225fd742b19', '[\"*\"]', '2025-06-01 09:05:48', '2025-06-06 05:04:25', '2025-05-30 05:04:25', '2025-06-01 09:05:48'),
(69, 'App\\Models\\User', 1, 'nobl_application', '9f821fed9aa94b7bdbaa9fcaf06939ee9eb9d35a7d239cab217eed275f46bdf4', '[\"*\"]', '2025-05-31 09:40:07', '2025-06-07 03:20:58', '2025-05-31 03:20:58', '2025-05-31 09:40:07'),
(70, 'App\\Models\\User', 23, 'nobl_application', 'c320e8ed499d24f45123a464b4b9a3dc0dfb4e6a718d67ecb72a397a80dae655', '[\"*\"]', '2025-05-31 09:50:59', '2025-06-07 08:32:13', '2025-05-31 08:32:13', '2025-05-31 09:50:59'),
(71, 'App\\Models\\User', 23, 'nobl_application', 'bca0336a64242c593f1b75ed043432f3b7ebe2d892a7eb5bee95d4258fcd9557', '[\"*\"]', '2025-05-31 09:58:56', '2025-06-07 09:55:49', '2025-05-31 09:55:49', '2025-05-31 09:58:56'),
(72, 'App\\Models\\User', 23, 'nobl_application', '35801c2cdddb9b6b64fa9b411dea9b1f25c97f06554da7254307e1b6b9da1d5e', '[\"*\"]', '2025-06-01 02:23:35', '2025-06-08 02:23:34', '2025-06-01 02:23:34', '2025-06-01 02:23:35'),
(73, 'App\\Models\\User', 23, 'nobl_application', 'a0254869f084f31e537e913405047ddf50fec0e193619ca8e2393ca5b71ae987', '[\"*\"]', '2025-06-01 02:24:01', '2025-06-08 02:24:01', '2025-06-01 02:24:01', '2025-06-01 02:24:01'),
(74, 'App\\Models\\User', 1, 'nobl_application', '7c95ef3109f3e65c2c97a796feb6096cf58494ea0d3a483e7b5b729ca0515cb9', '[\"*\"]', '2025-06-01 02:25:31', '2025-06-08 02:25:08', '2025-06-01 02:25:08', '2025-06-01 02:25:31'),
(75, 'App\\Models\\User', 1, 'nobl_application', 'b8087417d1a321241851b4b5ff53d28b981333e0687d2c5d0328bea84d62cb71', '[\"*\"]', NULL, '2025-06-08 02:25:44', '2025-06-01 02:25:44', '2025-06-01 02:25:44'),
(76, 'App\\Models\\User', 1, 'nobl_application', '332f453ac113456215da8964118fd081e3a6b6575f257c27458db5ef9fa82f21', '[\"*\"]', '2025-06-01 07:21:29', '2025-06-08 02:30:55', '2025-06-01 02:30:55', '2025-06-01 07:21:29'),
(77, 'App\\Models\\User', 23, 'nobl_application', '29d247d3e7eedd0c485182dcb71a1a57f854f32573f3e97f17aff6c19e6220b7', '[\"*\"]', NULL, '2025-06-08 09:07:02', '2025-06-01 09:07:02', '2025-06-01 09:07:02'),
(78, 'App\\Models\\User', 23, 'nobl_application', 'd04ca6696d7df7c896dd624f35461205b89e844e840bd238810b5399b759d5a2', '[\"*\"]', '2025-06-03 22:24:22', '2025-06-08 09:07:38', '2025-06-01 09:07:38', '2025-06-03 22:24:22'),
(79, 'App\\Models\\User', 23, 'nobl_application', 'f8a8a3c04277f0c2221ac4537831e462d5c5505e5e4bd130f2aac28ee0c5def6', '[\"*\"]', '2025-06-03 22:16:51', '2025-06-10 22:16:50', '2025-06-03 22:16:50', '2025-06-03 22:16:51'),
(80, 'App\\Models\\User', 23, 'nobl_application', 'b7eea9ff842f1ee3efec5ae0c6326e16baa7b956e8da554fd8b1e007ea122b0e', '[\"*\"]', '2025-06-03 22:22:31', '2025-06-10 22:19:15', '2025-06-03 22:19:15', '2025-06-03 22:22:31'),
(81, 'App\\Models\\User', 23, 'nobl_application', 'd75e8a568ea973cbc6d7a33c5ff2ad3ea19f2b3825fb3419bcb2ad1c9e3ab204', '[\"*\"]', '2025-06-03 22:26:16', '2025-06-10 22:22:50', '2025-06-03 22:22:50', '2025-06-03 22:26:16'),
(82, 'App\\Models\\User', 23, 'nobl_application', '6482ba6d459ee85323a79ad854faf1a8124ffd43ab8cc9dd744d2fd15e2af85c', '[\"*\"]', '2025-06-13 07:42:09', '2025-06-20 07:42:08', '2025-06-13 07:42:08', '2025-06-13 07:42:09'),
(83, 'App\\Models\\User', 23, 'nobl_application', '7d85d08411c3a8dfa5933de98f9be301c696e50cb12429fbf8fdb7fe7da62cc0', '[\"*\"]', '2025-06-13 07:43:05', '2025-06-20 07:42:32', '2025-06-13 07:42:32', '2025-06-13 07:43:05'),
(84, 'App\\Models\\User', 23, 'nobl_application', '9f7689f14430db40164c51f24e1d33bba4f3a51113798b0e23c5166d3299c166', '[\"*\"]', NULL, '2025-06-20 07:43:13', '2025-06-13 07:43:13', '2025-06-13 07:43:13'),
(85, 'App\\Models\\User', 23, 'nobl_application', '35af300a30b03a3ef1b9d5cc0885c50855ebec7c6f7877f9c143cf5e1c1bc329', '[\"*\"]', '2025-06-13 08:37:12', '2025-06-20 07:43:41', '2025-06-13 07:43:41', '2025-06-13 08:37:12'),
(86, 'App\\Models\\User', 23, 'nobl_application', '813586202bb05c8b82d85f5a05f3a9e0c3b8fa363c24fab1749a402b12407b25', '[\"*\"]', '2025-06-13 08:36:46', '2025-06-20 07:44:15', '2025-06-13 07:44:15', '2025-06-13 08:36:46');

-- --------------------------------------------------------

--
-- Table structure for table `photo_libraries`
--

CREATE TABLE `photo_libraries` (
  `id` bigint UNSIGNED NOT NULL,
  `category_id` bigint UNSIGNED DEFAULT NULL,
  `photo` varchar(255) COLLATE utf8mb4_unicode_ci NOT NULL,
  `created_at` timestamp NULL DEFAULT NULL,
  `updated_at` timestamp NULL DEFAULT NULL
) ENGINE=InnoDB DEFAULT CHARSET=utf8mb4 COLLATE=utf8mb4_unicode_ci;

--
-- Dumping data for table `photo_libraries`
--

INSERT INTO `photo_libraries` (`id`, `category_id`, `photo`, `created_at`, `updated_at`) VALUES
(3, 3, '1745596110.png', '2025-04-25 09:14:34', '2025-04-25 09:48:30'),
(4, 8, '1745595349.png', '2025-04-25 09:35:49', '2025-04-25 09:35:49'),
(5, 3, '1745595350.png', '2025-04-25 09:35:50', '2025-04-25 09:35:50'),
(7, 3, '1745595352.png', '2025-04-25 09:35:52', '2025-04-25 09:35:52'),
(9, 3, '1745595353.png', '2025-04-25 09:35:53', '2025-04-25 09:35:53'),
(19, 13, '1745596071.png', '2025-04-25 09:47:51', '2025-04-25 09:47:51'),
(20, 13, '1745676615.jpg', '2025-04-26 08:10:15', '2025-04-26 08:10:15'),
(21, 13, '1745677105.jpg', '2025-04-26 08:18:25', '2025-04-26 08:18:25'),
(22, 13, '1745677191.jpg', '2025-04-26 08:19:51', '2025-04-26 08:19:51'),
(23, 13, '1745677878.jpg', '2025-04-26 08:31:18', '2025-04-26 08:31:18'),
(24, 13, '1745678125.jpg', '2025-04-26 08:35:25', '2025-04-26 08:35:25'),
(26, 17, '1748085044.png', '2025-05-24 05:10:44', '2025-05-24 05:10:44'),
(27, 14, '1748086332.png', '2025-05-24 05:32:12', '2025-05-24 05:32:12'),
(28, 14, '1748086338.png', '2025-05-24 05:32:18', '2025-05-24 05:32:18'),
(29, 14, '1748086346.png', '2025-05-24 05:32:26', '2025-05-24 05:32:26'),
(30, 14, '1748086352.png', '2025-05-24 05:32:32', '2025-05-24 05:32:32'),
(31, 14, '1748086358.png', '2025-05-24 05:32:38', '2025-05-24 05:32:38'),
(32, 14, '1748086363.png', '2025-05-24 05:32:43', '2025-05-24 05:32:43'),
(33, 14, '1748086374.png', '2025-05-24 05:32:54', '2025-05-24 05:32:54'),
(34, 14, '1748086379.png', '2025-05-24 05:32:59', '2025-05-24 05:32:59'),
(35, 14, '1748086386.png', '2025-05-24 05:33:06', '2025-05-24 05:33:06'),
(36, 14, '1748086392.png', '2025-05-24 05:33:12', '2025-05-24 05:33:12'),
(37, 14, '1748086409.png', '2025-05-24 05:33:29', '2025-05-24 05:33:29'),
(38, 14, '1748086416.png', '2025-05-24 05:33:36', '2025-05-24 05:33:36'),
(39, 14, '1748086422.png', '2025-05-24 05:33:42', '2025-05-24 05:33:42'),
(40, 14, '1748086428.png', '2025-05-24 05:33:48', '2025-05-24 05:33:48'),
(41, 14, '1748086434.png', '2025-05-24 05:33:54', '2025-05-24 05:33:54'),
(42, 14, '1748086441.png', '2025-05-24 05:34:01', '2025-05-24 05:34:01'),
(43, 14, '1748086449.png', '2025-05-24 05:34:09', '2025-05-24 05:34:09'),
(44, 14, '1748086457.png', '2025-05-24 05:34:17', '2025-05-24 05:34:17'),
(45, 14, '1748086463.png', '2025-05-24 05:34:23', '2025-05-24 05:34:23');

-- --------------------------------------------------------

--
-- Table structure for table `sessions`
--

CREATE TABLE `sessions` (
  `id` varchar(255) COLLATE utf8mb4_unicode_ci NOT NULL,
  `user_id` bigint UNSIGNED DEFAULT NULL,
  `ip_address` varchar(45) COLLATE utf8mb4_unicode_ci DEFAULT NULL,
  `user_agent` text COLLATE utf8mb4_unicode_ci,
  `payload` longtext COLLATE utf8mb4_unicode_ci NOT NULL,
  `last_activity` int NOT NULL
) ENGINE=InnoDB DEFAULT CHARSET=utf8mb4 COLLATE=utf8mb4_unicode_ci;

--
-- Dumping data for table `sessions`
--

INSERT INTO `sessions` (`id`, `user_id`, `ip_address`, `user_agent`, `payload`, `last_activity`) VALUES
('1uoYEgfUKK6dUhOwfnorWYdQX206xT4aAtVAyRiw', NULL, '3.132.23.201', 'Mozilla/5.0 (Macintosh; Intel Mac OS X 10_15_7) Chrome/126.0.0.0 Safari/537.36', 'YTozOntzOjY6Il90b2tlbiI7czo0MDoiT2V6bmRQbGRSQ3BMY1VCdDlqWXJOZDJrTVFDbkV3VTBPTlFBY2kwQyI7czo5OiJfcHJldmlvdXMiO2E6MTp7czozOiJ1cmwiO3M6MjY6Imh0dHA6Ly8xODIuMjUyLjY4LjIyNzo4MDAzIjt9czo2OiJfZmxhc2giO2E6Mjp7czozOiJvbGQiO2E6MDp7fXM6MzoibmV3IjthOjA6e319fQ==', 1748460100),
('2njk79VLhsSfpkFjSPa3Hdnh9hFMx0bGuQRteuzS', NULL, '111.7.106.104', 'Mozilla/5.0 (Macintosh; Intel Mac OS X 10_15_7) AppleWebKit/537.36 (KHTML, like Gecko) Chrome/96.0.4664.110 Safari/537.36', 'YTozOntzOjY6Il90b2tlbiI7czo0MDoiVzRrV3JwTlNLd0RVT3hZb1RvRUFtaXpaNlBkVmY2dzd2YnlzYmExWiI7czo5OiJfcHJldmlvdXMiO2E6MTp7czozOiJ1cmwiO3M6MjY6Imh0dHA6Ly8xODIuMjUyLjY4LjIyNzo4MDAzIjt9czo2OiJfZmxhc2giO2E6Mjp7czozOiJvbGQiO2E6MDp7fXM6MzoibmV3IjthOjA6e319fQ==', 1748849389),
('4qMakv0Z3MPzA8ZHdppi6G8BEin6bKjCbHkk5OMd', NULL, '3.132.23.201', 'Mozilla/5.0 (Macintosh; Intel Mac OS X 10_15_7) Chrome/126.0.0.0 Safari/537.36', 'YTozOntzOjY6Il90b2tlbiI7czo0MDoiYkp4NGZCTG02dXVFenpOSHdOY2dadTVFeWV6Q3A2dHJIWjlqckwwViI7czo5OiJfcHJldmlvdXMiO2E6MTp7czozOiJ1cmwiO3M6MjY6Imh0dHA6Ly8xODIuMjUyLjY4LjIyNzo4MDAzIjt9czo2OiJfZmxhc2giO2E6Mjp7czozOiJvbGQiO2E6MDp7fXM6MzoibmV3IjthOjA6e319fQ==', 1748551828),
('5hLCVfabCSUbTx5Qf4wqQHcha9lRHsNWB0WDPSKW', NULL, '3.132.23.201', 'Mozilla/5.0 (Macintosh; Intel Mac OS X 10_15_7) Chrome/126.0.0.0 Safari/537.36', 'YTozOntzOjY6Il90b2tlbiI7czo0MDoiY3QyYVFxdEdadmJnaFl0MFJLTGlBWmRKRG1nVzJlOXhWNjN0cFN0ZSI7czo5OiJfcHJldmlvdXMiO2E6MTp7czozOiJ1cmwiO3M6MjY6Imh0dHA6Ly8xODIuMjUyLjY4LjIyNzo4MDAzIjt9czo2OiJfZmxhc2giO2E6Mjp7czozOiJvbGQiO2E6MDp7fXM6MzoibmV3IjthOjA6e319fQ==', 1748813213),
('5vq3GlRCYEjJrnDiHRqzTsgHXHglB9ZU5uACnwpN', NULL, '3.143.33.63', 'Mozilla/5.0 (Macintosh; Intel Mac OS X 10_15_7) Chrome/126.0.0.0 Safari/537.36', 'YTozOntzOjY6Il90b2tlbiI7czo0MDoiNmZweTlGUHZxZUVkMFppOWdTenhqSUVNcDJMNkRsOHRYZEFDVm5uUSI7czo5OiJfcHJldmlvdXMiO2E6MTp7czozOiJ1cmwiO3M6MjY6Imh0dHA6Ly8xODIuMjUyLjY4LjIyNzo4MDAzIjt9czo2OiJfZmxhc2giO2E6Mjp7czozOiJvbGQiO2E6MDp7fXM6MzoibmV3IjthOjA6e319fQ==', 1747802566),
('77NfatyjRABq4435fYELwr8jAkx2hNdRiQ9bYVKG', NULL, '182.252.68.227', 'Mozilla/5.0 (Macintosh; Intel Mac OS X 10_15_7) AppleWebKit/537.36 (KHTML, like Gecko) Chrome/137.0.0.0 Safari/537.36', 'YTozOntzOjY6Il90b2tlbiI7czo0MDoiTnJITDdPUk55QnY4U3BaUjBnQUhjc2VyQ0hqQ2g0V0RvQ00xcU4wVCI7czo5OiJfcHJldmlvdXMiO2E6MTp7czozOiJ1cmwiO3M6NDE6Imh0dHA6Ly9jNDEyLTE4Mi0yNTItNjgtMjI3Lm5ncm9rLWZyZWUuYXBwIjt9czo2OiJfZmxhc2giO2E6Mjp7czozOiJvbGQiO2E6MDp7fXM6MzoibmV3IjthOjA6e319fQ==', 1749822302),
('9AerCMxI2Gys3BXsHqatZWy2JTfCaqVSGpG0bAZp', NULL, '51.91.174.251', 'Mozilla/5.0 (X11; Ubuntu; Linux x86_64; rv:134.0) Gecko/20100101 Firefox/134.0', 'YTozOntzOjY6Il90b2tlbiI7czo0MDoiMG1OdjdnUUNYWWN3WFVSSHBEYmxWaFhPcm5RcDBReldVekJlak5NZCI7czo5OiJfcHJldmlvdXMiO2E6MTp7czozOiJ1cmwiO3M6MjY6Imh0dHA6Ly8xODIuMjUyLjY4LjIyNzo4MDAzIjt9czo2OiJfZmxhc2giO2E6Mjp7czozOiJvbGQiO2E6MDp7fXM6MzoibmV3IjthOjA6e319fQ==', 1748054906),
('aCysElQ6oxbgNkYvMLWIuyUogMDTlrCya25cw1KJ', NULL, '89.34.230.3', 'python-requests/2.32.3', 'YTozOntzOjY6Il90b2tlbiI7czo0MDoiZXYxdEg3Q3ZYZ0xwT3Vkc2NOS0x4eE14ck9ET0tKOEdER29PRlJLUiI7czo5OiJfcHJldmlvdXMiO2E6MTp7czozOiJ1cmwiO3M6NTQ6Imh0dHA6Ly8xODIuMjUyLjY4LjIyNzo4MDAzLz8lM0NwbGF5JTNFd2l0aG1lJTNDJTJGJTNFPSI7fXM6NjoiX2ZsYXNoIjthOjI6e3M6Mzoib2xkIjthOjA6e31zOjM6Im5ldyI7YTowOnt9fX0=', 1749074526),
('AQxYGBJdeH27Wed1y05YLqRT2mNOxfg46s416Mx7', NULL, '3.137.73.221', 'Mozilla/5.0 (Macintosh; Intel Mac OS X 10_15_7) Chrome/126.0.0.0 Safari/537.36', 'YTozOntzOjY6Il90b2tlbiI7czo0MDoiSVJsc3J3a3JRaFZ6Z0JjbGxpcGJmNXpxeHlZcWtSSXdkbnVidnVUQiI7czo5OiJfcHJldmlvdXMiO2E6MTp7czozOiJ1cmwiO3M6MjY6Imh0dHA6Ly8xODIuMjUyLjY4LjIyNzo4MDAzIjt9czo2OiJfZmxhc2giO2E6Mjp7czozOiJvbGQiO2E6MDp7fXM6MzoibmV3IjthOjA6e319fQ==', 1749032788),
('b0CSwYGpuBgL4XFlLttbtUKuFfX8xV1uvNAEiYY0', NULL, '106.75.13.68', '', 'YTozOntzOjY6Il90b2tlbiI7czo0MDoidkVjYWduYXNYdEZiTjZidE9TTENQMDQ0TXpjdjlwR1VMOHVrbnlKUyI7czo5OiJfcHJldmlvdXMiO2E6MTp7czozOiJ1cmwiO3M6MjY6Imh0dHA6Ly8xODIuMjUyLjY4LjIyNzo4MDAzIjt9czo2OiJfZmxhc2giO2E6Mjp7czozOiJvbGQiO2E6MDp7fXM6MzoibmV3IjthOjA6e319fQ==', 1748748580),
('boc0rEOt0ZoUZ7Lr5Wf3bRT6JIOl2hXljEqwO85p', NULL, '3.137.73.221', 'Mozilla/5.0 (Macintosh; Intel Mac OS X 10_15_7) Chrome/126.0.0.0 Safari/537.36', 'YTozOntzOjY6Il90b2tlbiI7czo0MDoiSll2dVJRa2dsZERLd0taR0F6amxMVnlEd0E4R3U2RWRsWXI2RjV2WSI7czo5OiJfcHJldmlvdXMiO2E6MTp7czozOiJ1cmwiO3M6MjY6Imh0dHA6Ly8xODIuMjUyLjY4LjIyNzo4MDAzIjt9czo2OiJfZmxhc2giO2E6Mjp7czozOiJvbGQiO2E6MDp7fXM6MzoibmV3IjthOjA6e319fQ==', 1748369282),
('CcuStVH2VmiuzSNpvAfROKY3YvW1leR0NPMFPC2H', NULL, '111.7.106.104', 'Mozilla/5.0 (Macintosh; Intel Mac OS X 11_0_0) AppleWebKit/537.36 (KHTML, like Gecko) Chrome/87.0.4280.88 Safari/537.36', 'YTozOntzOjY6Il90b2tlbiI7czo0MDoiOGFseDJLU2VaNXBiY1dHT0FaQ010MTVKb2dWbU9mekNEQzNuWUh5diI7czo5OiJfcHJldmlvdXMiO2E6MTp7czozOiJ1cmwiO3M6MjY6Imh0dHA6Ly8xODIuMjUyLjY4LjIyNzo4MDAzIjt9czo2OiJfZmxhc2giO2E6Mjp7czozOiJvbGQiO2E6MDp7fXM6MzoibmV3IjthOjA6e319fQ==', 1748849394),
('dX3dm7YmXPds6iYxxjLXvRXgGVHmGUiAdGHSKshg', NULL, '3.149.59.26', 'Mozilla/5.0 (Macintosh; Intel Mac OS X 10_15_7) Chrome/126.0.0.0 Safari/537.36', 'YTozOntzOjY6Il90b2tlbiI7czo0MDoiNHVFQmRWUmJWVzdySkxhZ0RjT2I4eVZzMW5NcWM3RnptWk4zbE1sZCI7czo5OiJfcHJldmlvdXMiO2E6MTp7czozOiJ1cmwiO3M6MjY6Imh0dHA6Ly8xODIuMjUyLjY4LjIyNzo4MDAzIjt9czo2OiJfZmxhc2giO2E6Mjp7czozOiJvbGQiO2E6MDp7fXM6MzoibmV3IjthOjA6e319fQ==', 1747933697),
('E6viSTwTRrNVLpp1EQVQj1D3TDN1VSjjohBq4Dhg', NULL, '3.132.23.201', 'Mozilla/5.0 (Macintosh; Intel Mac OS X 10_15_7) Chrome/126.0.0.0 Safari/537.36', 'YTozOntzOjY6Il90b2tlbiI7czo0MDoiTnBxOGxzcFlwRkN1ZnkzOFFvbG5HbWFsQ3FsNDhnS082N3pFWGF2TyI7czo5OiJfcHJldmlvdXMiO2E6MTp7czozOiJ1cmwiO3M6MjY6Imh0dHA6Ly8xODIuMjUyLjY4LjIyNzo4MDAzIjt9czo2OiJfZmxhc2giO2E6Mjp7czozOiJvbGQiO2E6MDp7fXM6MzoibmV3IjthOjA6e319fQ==', 1748551957),
('EoMqX1NVT7vvH2gH8iRCQuis5ZfGxsYD7HpTwIXA', NULL, '3.149.59.26', 'Mozilla/5.0 (Macintosh; Intel Mac OS X 10_15_7) Chrome/126.0.0.0 Safari/537.36', 'YTozOntzOjY6Il90b2tlbiI7czo0MDoiaUNEVVE0M0Q5cjBFaFF0UjJFaFJsTkJBY0xPd2FuUFNOTEUxeDhMZyI7czo5OiJfcHJldmlvdXMiO2E6MTp7czozOiJ1cmwiO3M6MjY6Imh0dHA6Ly8xODIuMjUyLjY4LjIyNzo4MDAzIjt9czo2OiJfZmxhc2giO2E6Mjp7czozOiJvbGQiO2E6MDp7fXM6MzoibmV3IjthOjA6e319fQ==', 1748111005),
('F3bM0pHP2f7Xr6JLM6erzbTLhaNS5HpKsMYsJctx', NULL, '3.149.59.26', 'Mozilla/5.0 (Macintosh; Intel Mac OS X 10_15_7) Chrome/126.0.0.0 Safari/537.36', 'YTozOntzOjY6Il90b2tlbiI7czo0MDoiNzh1a09idTN4dkdDVWdmb200akNqSEJINmJxa1pCWmNxU2p3RVdtZSI7czo5OiJfcHJldmlvdXMiO2E6MTp7czozOiJ1cmwiO3M6MjY6Imh0dHA6Ly8xODIuMjUyLjY4LjIyNzo4MDAzIjt9czo2OiJfZmxhc2giO2E6Mjp7czozOiJvbGQiO2E6MDp7fXM6MzoibmV3IjthOjA6e319fQ==', 1748110881),
('fBQELzgbTvjRcmKCMg46M3QGbYKEFj6HO5sjSiWm', NULL, '91.231.89.209', 'Mozilla/5.0 (X11; Ubuntu; Linux x86_64; rv:134.0) Gecko/20100101 Firefox/134.0', 'YTozOntzOjY6Il90b2tlbiI7czo0MDoiUTVTYUJGTGtpM25QSXJqQ0Y3eFl4c05qV1ZNTVB0Q3EzRkE5QVA5VSI7czo5OiJfcHJldmlvdXMiO2E6MTp7czozOiJ1cmwiO3M6MjY6Imh0dHA6Ly8xODIuMjUyLjY4LjIyNzo4MDAzIjt9czo2OiJfZmxhc2giO2E6Mjp7czozOiJvbGQiO2E6MDp7fXM6MzoibmV3IjthOjA6e319fQ==', 1748593510),
('HnUm6eu4vbkSSNcXekjFuVKIsgQrkpuabgwDue1U', NULL, '172.236.228.245', 'Mozilla/5.0 (Macintosh; Intel Mac OS X 13_1) AppleWebKit/537.36 (KHTML, like Gecko) Chrome/108.0.0.0 Safari/537.36', 'YTozOntzOjY6Il90b2tlbiI7czo0MDoiNm1iNEt0UUhZWkpnUkd1RVhFaVlXY1I0VUNJN0xHN2xYN2xmUDBBciI7czo5OiJfcHJldmlvdXMiO2E6MTp7czozOiJ1cmwiO3M6MjY6Imh0dHA6Ly8xODIuMjUyLjY4LjIyNzo4MDAzIjt9czo2OiJfZmxhc2giO2E6Mjp7czozOiJvbGQiO2E6MDp7fXM6MzoibmV3IjthOjA6e319fQ==', 1748979245),
('hzPN9YV6MtSAbLJEZnvDa1x2qCQZv9zRBN9KBM7F', NULL, '3.149.59.26', 'Mozilla/5.0 (Macintosh; Intel Mac OS X 10_15_7) Chrome/126.0.0.0 Safari/537.36', 'YTozOntzOjY6Il90b2tlbiI7czo0MDoiaEZwMTF5dzlxdVkwRjlCUVFqYTFZSnYzUEs2RDF6V2RmbzF6ZDNMcSI7czo5OiJfcHJldmlvdXMiO2E6MTp7czozOiJ1cmwiO3M6MjY6Imh0dHA6Ly8xODIuMjUyLjY4LjIyNzo4MDAzIjt9czo2OiJfZmxhc2giO2E6Mjp7czozOiJvbGQiO2E6MDp7fXM6MzoibmV3IjthOjA6e319fQ==', 1748021591),
('K5gVwm0ltLhn5RGJK0GRaMXvHs4Q1G4JaZaAdtND', NULL, '66.228.53.4', 'Mozilla/5.0 (Macintosh; Intel Mac OS X 13_1) AppleWebKit/537.36 (KHTML, like Gecko) Chrome/108.0.0.0 Safari/537.36', 'YTozOntzOjY6Il90b2tlbiI7czo0MDoiVUw2eVRWWUtWcGd4R3hmWlVpRUw0MHhqeFRRNjZUYk16c0pjeDIzMyI7czo5OiJfcHJldmlvdXMiO2E6MTp7czozOiJ1cmwiO3M6MjY6Imh0dHA6Ly8xODIuMjUyLjY4LjIyNzo4MDAzIjt9czo2OiJfZmxhc2giO2E6Mjp7czozOiJvbGQiO2E6MDp7fXM6MzoibmV3IjthOjA6e319fQ==', 1748629409),
('k9hYA5tMvxspVGzALEv6PHmpz9CEODR9mN89JqA6', NULL, '3.132.23.201', 'Mozilla/5.0 (Macintosh; Intel Mac OS X 10_15_7) Chrome/126.0.0.0 Safari/537.36', 'YTozOntzOjY6Il90b2tlbiI7czo0MDoiT2lKc0Z6Q01HQUpTYmlkdk9pUnUzVmZKaGxxZXVsazVZV1JqR2tPZiI7czo5OiJfcHJldmlvdXMiO2E6MTp7czozOiJ1cmwiO3M6MjY6Imh0dHA6Ly8xODIuMjUyLjY4LjIyNzo4MDAzIjt9czo2OiJfZmxhc2giO2E6Mjp7czozOiJvbGQiO2E6MDp7fXM6MzoibmV3IjthOjA6e319fQ==', 1749030976),
('LMHzdP5uEpNZPbfApXgZeBDaA5x8xtJt4znBkbJC', NULL, '3.132.23.201', 'Mozilla/5.0 (Macintosh; Intel Mac OS X 10_15_7) Chrome/126.0.0.0 Safari/537.36', 'YTozOntzOjY6Il90b2tlbiI7czo0MDoic3U4bEg1NXE4M1Jkc2lOMEZBRWdzMFBBWkNKVXpDcW13N1YwNlBCcCI7czo5OiJfcHJldmlvdXMiO2E6MTp7czozOiJ1cmwiO3M6MjY6Imh0dHA6Ly8xODIuMjUyLjY4LjIyNzo4MDAzIjt9czo2OiJfZmxhc2giO2E6Mjp7czozOiJvbGQiO2E6MDp7fXM6MzoibmV3IjthOjA6e319fQ==', 1748813213),
('Mkcw60yCg7gyI5Z7S19X6mXaGeFa5FY7ZugOX3G0', NULL, '182.252.68.227', 'Mozilla/5.0 (Windows NT 10.0; Win64; x64) AppleWebKit/537.36 (KHTML, like Gecko) Chrome/137.0.0.0 Safari/537.36', 'YTozOntzOjY6Il90b2tlbiI7czo0MDoiOWpEYUNkcm9JTGMxT2FyWFo5eE9yUnY4eTRFTDl2T0NSOVd3WnJlNyI7czo5OiJfcHJldmlvdXMiO2E6MTp7czozOiJ1cmwiO3M6NDE6Imh0dHA6Ly9jNDEyLTE4Mi0yNTItNjgtMjI3Lm5ncm9rLWZyZWUuYXBwIjt9czo2OiJfZmxhc2giO2E6Mjp7czozOiJvbGQiO2E6MDp7fXM6MzoibmV3IjthOjA6e319fQ==', 1749822094),
('n6mZFXzkygsrhZeD5KiOGEHPFi4vHs1i2BMnk9Cc', NULL, '123.160.223.73', 'Mozilla/5.0 (Macintosh; Intel Mac OS X 11_0_0) AppleWebKit/537.36 (KHTML, like Gecko) Chrome/87.0.4280.88 Safari/537.36', 'YTozOntzOjY6Il90b2tlbiI7czo0MDoiWUhxVk8zU0hQQ0VnRUUyOGpPdGNNeW5za3ZkWWozdERuUFJob3FNbCI7czo5OiJfcHJldmlvdXMiO2E6MTp7czozOiJ1cmwiO3M6MjY6Imh0dHA6Ly8xODIuMjUyLjY4LjIyNzo4MDAzIjt9czo2OiJfZmxhc2giO2E6Mjp7czozOiJvbGQiO2E6MDp7fXM6MzoibmV3IjthOjA6e319fQ==', 1748108266),
('OHBKzSlV6sKdWUARUV8H34g3TDRJjOZ9FVgACFdR', NULL, '106.75.128.229', 'Mozilla/5.0 (Windows NT 6.1) AppleWebKit/537.36 (KHTML, like Gecko) Chrome/49.0.2623.112 Safari/537.36', 'YTozOntzOjY6Il90b2tlbiI7czo0MDoiZEJ1QnNMcWNwNlRMbktyV3dSMDgwaGJEN2lWYWFsbG5rODJCRlZNaiI7czo5OiJfcHJldmlvdXMiO2E6MTp7czozOiJ1cmwiO3M6MjY6Imh0dHA6Ly8xODIuMjUyLjY4LjIyNzo4MDAzIjt9czo2OiJfZmxhc2giO2E6Mjp7czozOiJvbGQiO2E6MDp7fXM6MzoibmV3IjthOjA6e319fQ==', 1748748796),
('pdseYEsaW8oKFANPALzOtUqHoqYUzxvswVs3ayyn', NULL, '3.132.23.201', 'Mozilla/5.0 (Macintosh; Intel Mac OS X 10_15_7) Chrome/126.0.0.0 Safari/537.36', 'YTozOntzOjY6Il90b2tlbiI7czo0MDoiUDA2Z0FlRUVlbXNoMjVzNXhqRjBCUjlRSzBZVVN3SE5CZEpvVmYxYyI7czo5OiJfcHJldmlvdXMiO2E6MTp7czozOiJ1cmwiO3M6MjY6Imh0dHA6Ly8xODIuMjUyLjY4LjIyNzo4MDAzIjt9czo2OiJfZmxhc2giO2E6Mjp7czozOiJvbGQiO2E6MDp7fXM6MzoibmV3IjthOjA6e319fQ==', 1748460002),
('QvqRwOUITpNvS8OI0z0dOXDxUkunWlNnGV7VyZr1', NULL, '182.48.86.246', 'Mozilla/5.0 (Windows NT 5.1; rv:9.0.1) Gecko/20100101 Firefox/9.0.1', 'YTozOntzOjY6Il90b2tlbiI7czo0MDoiQjNjQ2twRTY0MlBiS0tqbHFXMVE2ZUU1aHF1NWJtbm1QMTFWZ3FLcCI7czo5OiJfcHJldmlvdXMiO2E6MTp7czozOiJ1cmwiO3M6MjY6Imh0dHA6Ly8xODIuMjUyLjY4LjIyNzo4MDAzIjt9czo2OiJfZmxhc2giO2E6Mjp7czozOiJvbGQiO2E6MDp7fXM6MzoibmV3IjthOjA6e319fQ==', 1748861983),
('qWC3bEA3hKYIfKukrCGEiSDdsEjtcHz2cEdEY9FT', NULL, '8.211.42.134', 'curl/7.64.1', 'YTozOntzOjY6Il90b2tlbiI7czo0MDoiUGJsMTZVVkc1MkJpbG9qR2FlSWhRZlZXODVvTjd2Qk1jNW02UGl5RCI7czo5OiJfcHJldmlvdXMiO2E6MTp7czozOiJ1cmwiO3M6MjY6Imh0dHA6Ly8xODIuMjUyLjY4LjIyNzo4MDAzIjt9czo2OiJfZmxhc2giO2E6Mjp7czozOiJvbGQiO2E6MDp7fXM6MzoibmV3IjthOjA6e319fQ==', 1748108190),
('R35xn7PfpOWdO6929p9ZUKf3ei19IQdDWDB4FaJD', NULL, '3.143.33.63', 'Mozilla/5.0 (Macintosh; Intel Mac OS X 10_15_7) Chrome/126.0.0.0 Safari/537.36', 'YTozOntzOjY6Il90b2tlbiI7czo0MDoiN2w0bUZUVDVQeThHYkZnR0pQc3F2WjNqOENZZVBMd2F3dGRHd0xjaCI7czo5OiJfcHJldmlvdXMiO2E6MTp7czozOiJ1cmwiO3M6MjY6Imh0dHA6Ly8xODIuMjUyLjY4LjIyNzo4MDAzIjt9czo2OiJfZmxhc2giO2E6Mjp7czozOiJvbGQiO2E6MDp7fXM6MzoibmV3IjthOjA6e319fQ==', 1747802441),
('rrMvPF0AycKf3WbkX58dCT5mgAcFWm7T6sNb6Jxg', NULL, '3.149.59.26', 'Mozilla/5.0 (Macintosh; Intel Mac OS X 10_15_7) Chrome/126.0.0.0 Safari/537.36', 'YTozOntzOjY6Il90b2tlbiI7czo0MDoiaHVidkk2eTRrR1ZHcTdHdXZjbEVkVG1PMXNnWDFleTZOZ0J3VWFUdSI7czo5OiJfcHJldmlvdXMiO2E6MTp7czozOiJ1cmwiO3M6MjY6Imh0dHA6Ly8xODIuMjUyLjY4LjIyNzo4MDAzIjt9czo2OiJfZmxhc2giO2E6Mjp7czozOiJvbGQiO2E6MDp7fXM6MzoibmV3IjthOjA6e319fQ==', 1747933793),
('T1jyNzikOXEjy1fw658yScqRVyLQJCvuWHV3vEuT', NULL, '123.160.223.74', 'Mozilla/5.0 (Macintosh; Intel Mac OS X 10_15_7) AppleWebKit/537.36 (KHTML, like Gecko) Chrome/96.0.4664.110 Safari/537.36', 'YTozOntzOjY6Il90b2tlbiI7czo0MDoiMk13cXUyY3Naek81MDR1SnFzNVVPajRBc3doNXluT1lqUTdMcDVTRyI7czo5OiJfcHJldmlvdXMiO2E6MTp7czozOiJ1cmwiO3M6MjY6Imh0dHA6Ly8xODIuMjUyLjY4LjIyNzo4MDAzIjt9czo2OiJfZmxhc2giO2E6Mjp7czozOiJvbGQiO2E6MDp7fXM6MzoibmV3IjthOjA6e319fQ==', 1748108251),
('UhDVRb3RWn8hJ2T0CPCkCAW5Tx9hNm0uUOnHmWPW', NULL, '182.48.86.246', 'Mozilla/5.0 (Windows NT 5.1; rv:9.0.1) Gecko/20100101 Firefox/9.0.1', 'YTozOntzOjY6Il90b2tlbiI7czo0MDoiSVNibWZDWEFvQ1E4NXRqTU50dEdoSlVIeW5kNk8zOVQ1Z3VlVlBsMiI7czo5OiJfcHJldmlvdXMiO2E6MTp7czozOiJ1cmwiO3M6MjY6Imh0dHA6Ly8xODIuMjUyLjY4LjIyNzo4MDAzIjt9czo2OiJfZmxhc2giO2E6Mjp7czozOiJvbGQiO2E6MDp7fXM6MzoibmV3IjthOjA6e319fQ==', 1748626158),
('W09fjWShdB0iM4iAwrrGENsUnJ0hUtPsJI4lqMxF', NULL, '18.220.154.78', 'Mozilla/5.0 (Macintosh; Intel Mac OS X 10_15_7) Chrome/126.0.0.0 Safari/537.36', 'YTozOntzOjY6Il90b2tlbiI7czo0MDoiaDdRM25nUk1Bak15ZVJZMjhBNEZiMlpTYUk2T2JyUk1iMEZsVlo0RiI7czo5OiJfcHJldmlvdXMiO2E6MTp7czozOiJ1cmwiO3M6MjY6Imh0dHA6Ly8xODIuMjUyLjY4LjIyNzo4MDAzIjt9czo2OiJfZmxhc2giO2E6Mjp7czozOiJvbGQiO2E6MDp7fXM6MzoibmV3IjthOjA6e319fQ==', 1748197275),
('YC9c3Gx7udxkNOsssMigaCj47NOiElDWUFX2fCnM', NULL, '3.132.23.201', 'Mozilla/5.0 (Macintosh; Intel Mac OS X 10_15_7) Chrome/126.0.0.0 Safari/537.36', 'YTozOntzOjY6Il90b2tlbiI7czo0MDoieFdKQVRBQkRkNzJia0dwbmxDMFI5UTR5QnJnYWxidTZXOEhYa1RkZCI7czo5OiJfcHJldmlvdXMiO2E6MTp7czozOiJ1cmwiO3M6MjY6Imh0dHA6Ly8xODIuMjUyLjY4LjIyNzo4MDAzIjt9czo2OiJfZmxhc2giO2E6Mjp7czozOiJvbGQiO2E6MDp7fXM6MzoibmV3IjthOjA6e319fQ==', 1749031092),
('yK8YUXQr1nqXuPsThGjJrMBREhs7uEc4i34mHxBJ', NULL, '172.236.228.229', 'Mozilla/5.0 (Macintosh; Intel Mac OS X 13_1) AppleWebKit/537.36 (KHTML, like Gecko) Chrome/108.0.0.0 Safari/537.36', 'YTozOntzOjY6Il90b2tlbiI7czo0MDoiNGhSWTlnZjdxM0FaZG5wMmM3eUpXZFRQV3VPejM5ck1TNWdRUWpQTSI7czo5OiJfcHJldmlvdXMiO2E6MTp7czozOiJ1cmwiO3M6MjY6Imh0dHA6Ly8xODIuMjUyLjY4LjIyNzo4MDAzIjt9czo2OiJfZmxhc2giO2E6Mjp7czozOiJvbGQiO2E6MDp7fXM6MzoibmV3IjthOjA6e319fQ==', 1748284225),
('YnEF3K2kY2qneuVfJwLTXuUbnxhBlehZBISo5QxO', NULL, '3.137.73.221', 'Mozilla/5.0 (Macintosh; Intel Mac OS X 10_15_7) Chrome/126.0.0.0 Safari/537.36', 'YTozOntzOjY6Il90b2tlbiI7czo0MDoiUnZCd2Z5T295aDFoWVFaT1ZXYjQ2UnZOYU01dHRqejkxOTMzV0pzNyI7czo5OiJfcHJldmlvdXMiO2E6MTp7czozOiJ1cmwiO3M6MjY6Imh0dHA6Ly8xODIuMjUyLjY4LjIyNzo4MDAzIjt9czo2OiJfZmxhc2giO2E6Mjp7czozOiJvbGQiO2E6MDp7fXM6MzoibmV3IjthOjA6e319fQ==', 1749032925),
('YTqrNN1OAtBkMxc6zT5bqUu0KuCHZrcU1CbXygEs', NULL, '3.137.73.221', 'Mozilla/5.0 (Macintosh; Intel Mac OS X 10_15_7) Chrome/126.0.0.0 Safari/537.36', 'YTozOntzOjY6Il90b2tlbiI7czo0MDoiSkdjMEJlV2VTUHM2aDhIcDFNQVhkTjFvMjBKakxlZDV2Yng3aVc3NSI7czo5OiJfcHJldmlvdXMiO2E6MTp7czozOiJ1cmwiO3M6MjY6Imh0dHA6Ly8xODIuMjUyLjY4LjIyNzo4MDAzIjt9czo2OiJfZmxhc2giO2E6Mjp7czozOiJvbGQiO2E6MDp7fXM6MzoibmV3IjthOjA6e319fQ==', 1748369156),
('zMX8XYsGpZZAXxWrIDwoZ5Gz947p0jibxsy6Actl', NULL, '47.89.255.7', 'curl/7.64.1', 'YTozOntzOjY6Il90b2tlbiI7czo0MDoiMG5rZ1VyM1NwOGtVeUF3ZTlRMEZIbk02bXBnSzRJbXBOVW9maGF6NiI7czo5OiJfcHJldmlvdXMiO2E6MTp7czozOiJ1cmwiO3M6MjY6Imh0dHA6Ly8xODIuMjUyLjY4LjIyNzo4MDAzIjt9czo2OiJfZmxhc2giO2E6Mjp7czozOiJvbGQiO2E6MDp7fXM6MzoibmV3IjthOjA6e319fQ==', 1748849327);

-- --------------------------------------------------------

--
-- Table structure for table `users`
--

CREATE TABLE `users` (
  `id` bigint UNSIGNED NOT NULL,
  `name` varchar(255) COLLATE utf8mb4_unicode_ci DEFAULT NULL,
  `username` varchar(255) COLLATE utf8mb4_unicode_ci DEFAULT NULL,
  `email` varchar(255) COLLATE utf8mb4_unicode_ci NOT NULL,
  `address` varchar(255) COLLATE utf8mb4_unicode_ci DEFAULT NULL,
  `photo` varchar(255) COLLATE utf8mb4_unicode_ci NOT NULL DEFAULT 'default_photo.png',
  `badge_number` varchar(255) COLLATE utf8mb4_unicode_ci DEFAULT NULL,
  `role` enum('ADMIN','USER') COLLATE utf8mb4_unicode_ci NOT NULL DEFAULT 'USER',
  `email_verified_at` timestamp NULL DEFAULT NULL,
  `password` varchar(255) COLLATE utf8mb4_unicode_ci NOT NULL,
  `otp` varchar(255) COLLATE utf8mb4_unicode_ci DEFAULT NULL,
  `otp_expires_at` varchar(255) COLLATE utf8mb4_unicode_ci DEFAULT NULL,
  `remember_token` varchar(100) COLLATE utf8mb4_unicode_ci DEFAULT NULL,
  `created_at` timestamp NULL DEFAULT NULL,
  `updated_at` timestamp NULL DEFAULT NULL
) ENGINE=InnoDB DEFAULT CHARSET=utf8mb4 COLLATE=utf8mb4_unicode_ci;

--
-- Dumping data for table `users`
--

INSERT INTO `users` (`id`, `name`, `username`, `email`, `address`, `photo`, `badge_number`, `role`, `email_verified_at`, `password`, `otp`, `otp_expires_at`, `remember_token`, `created_at`, `updated_at`) VALUES
(1, 'Matthew Dibbert', NULL, 'admin@gmail.com', '455 Zboncak View', '1747840562.png', NULL, 'ADMIN', '2025-04-25 07:38:42', '$2y$12$tZ4d39V/x9QieCEl1ZtJTeRqmEpgA4gQuCQT3wNALbQcPlDgRWd7K', '275450', '2025-05-29 06:10:04', NULL, '2025-04-25 07:38:42', '2025-05-29 00:00:04'),
(2, 'Jane Doe', 'jane_doe', 'user@gmail.com', '123 Main St', 'default_photo.png', '123456', 'USER', '2025-04-25 07:38:42', '$2y$12$VA79Qz2lrBCimWB1bsQMHOFkdNNnEd/gkqJ/Eeu.KX3YnSKMJV5oi', NULL, NULL, NULL, '2025-04-25 07:38:43', '2025-04-25 07:38:43'),
(4, NULL, 'Roman.Kuhn60', 'Torey33@hotmail.com', NULL, 'default_photo.png', '6546532', 'USER', NULL, '$2y$12$TzL22A55ldpM3yJ5oNy/0uKUneXb/pwXiZxVqn8hQlz0EGcvCfr/q', NULL, NULL, NULL, '2025-04-25 07:39:45', '2025-04-25 07:39:45'),
(12, 'Shellie Alston', 'pojyloqafo', 'ropydo@mailinator.com', 'Quae non ipsum dign', 'default_photo.png', '472', 'USER', '2025-05-22 05:30:48', '$2y$12$ceGuooyKORFwGpXCIFrqa.Ou6Mtbos5md2dAaCJPmc/EJhfwuUH3i', NULL, NULL, NULL, '2025-05-22 05:30:48', '2025-05-22 05:30:48'),
(13, 'Kaden Love', 'gysuj', 'fupugezek@mailinator.com', 'Quis non perspiciati', 'default_photo.png', '169', 'USER', '2025-05-22 05:31:17', '$2y$12$cptAQ52PpQSHTfPNaq2ozO/IvggCZDmLFYO6aaE1K/tdjW5wXhRMm', NULL, NULL, NULL, '2025-05-22 05:31:17', '2025-05-22 05:31:17'),
(14, 'Jenna Rice', 'jibavid', 'weje@mailinator.com', 'Consectetur laborum', 'default_photo.png', '492', 'USER', '2025-05-22 05:31:21', '$2y$12$0Bud9baeL3QZMq/WbIOLFevj.XUtQoELP8bij8rNTPqyLZPACxKqq', NULL, NULL, NULL, '2025-05-22 05:31:21', '2025-05-22 05:31:21'),
(15, 'Mechelle Hyde', 'pajewi', 'dukefo@mailinator.com', 'Cum excepturi magni', 'default_photo.png', '171', 'USER', '2025-05-22 05:31:25', '$2y$12$uiX8pKVjIP/cknFyYDqtbuacgzi.No1vOFOxBIo4GYr/N1UwEcZse', NULL, NULL, NULL, '2025-05-22 05:31:25', '2025-05-22 05:31:25'),
(16, 'Darryl Clark', 'zyqelekox', 'dozupiji@mailinator.com', 'Error voluptate exce', 'default_photo.png', '212', 'USER', '2025-05-22 05:31:28', '$2y$12$M2VOpW97fNY9VltBfrYw8ekoU72cH4Eg4HfIU33DXb4ui3FI.skrq', NULL, NULL, NULL, '2025-05-22 05:31:28', '2025-05-22 05:31:28'),
(17, 'Kylee Hopper', 'vusud', 'nywywoz@mailinator.com', 'Quaerat sed ea tempo', 'default_photo.png', '311', 'USER', '2025-05-22 05:31:32', '$2y$12$uh9znKGO263oOPNeLXkX.em7iUZGyWwkSblfpnlrZnOXhutNo11AW', NULL, NULL, NULL, '2025-05-22 05:31:32', '2025-05-22 05:31:32'),
(18, 'Thor Cohen', 'gedutyroh', 'cebilono@mailinator.com', 'Veritatis ut lorem t', 'default_photo.png', '451', 'USER', '2025-05-22 05:31:35', '$2y$12$oxZFn/UtnYZ3bBzIb0DJSuC2/1nhsC9B.dWPzGUkZPtt63UZFZhlm', NULL, NULL, NULL, '2025-05-22 05:31:35', '2025-05-22 05:31:35'),
(19, 'Amir Hood', 'kyliwuge', 'muxa@mailinator.com', 'Sunt iusto sint ni', 'default_photo.png', '118', 'USER', '2025-05-24 03:29:47', '$2y$12$ixMZ0zoji/P5YCdL6TpmFOZYuy6wQsZjn.KFJwrHdSM1gqSA2xXoG', NULL, NULL, NULL, '2025-05-24 03:29:47', '2025-05-24 03:29:47'),
(20, 'Tasha Hardin asdfasd', 'kepoli', 'puhy@mailinator.com', 'Eiusmod est minima t', '1748451928.jpg', '956', 'USER', '2025-05-25 07:20:08', '$2y$12$HYWpKzBtHfy7j77dfjmwZOMuZ4fejLLQXekTlqvoZ6RTERqtx0n7e', NULL, NULL, NULL, '2025-05-25 07:20:08', '2025-05-28 11:05:28'),
(21, 'dfsaasfsadf', 'Otho_OConner', 'Vern0@hotmail.com', 'sdaf', 'default_photo.png', '6546532', 'USER', '2025-05-28 03:48:35', '$2y$12$SnJypUYRwH6LzOZqBX2N0e.u.cQo941s0Nf2mmgWbEYfhxzT7H6MW', NULL, NULL, NULL, '2025-05-28 03:48:35', '2025-05-28 03:48:35'),
(22, 'dfsaasfsadf', 'Margarita.Stiedemann', 'Marina.Hauck60@yahoo.com', 'sdaf', 'https://ui-avatars.com/api/?background=random&bold=true&name=dfsaasfsadf', '6546532', 'USER', '2025-05-28 03:49:32', '$2y$12$DGfxqGX0PigiRnm67IJpd.5Ac/cPiAi8TezP3xzLXoU7pVs5/hOz6', NULL, NULL, NULL, '2025-05-28 03:49:33', '2025-05-28 03:49:33'),
(23, 'ARIF BISWAS', 'wybyvyge', 'arifbiswas1020@gmail.com', 'Ut eaque quis ut iru', '1749010933.jpg', '80', 'USER', '2025-05-28 23:24:20', '$2y$12$IPK1Z.lnDzEO7H7B0md1B.88PMVSDrGpvfb31KhK.7TQenCgiPHiO', NULL, NULL, NULL, '2025-05-28 23:24:20', '2025-06-03 22:22:13');

-- --------------------------------------------------------

--
-- Table structure for table `videos`
--

CREATE TABLE `videos` (
  `id` bigint UNSIGNED NOT NULL,
  `category_id` bigint UNSIGNED DEFAULT NULL,
  `title` varchar(255) COLLATE utf8mb4_unicode_ci NOT NULL,
  `thumbnail` varchar(255) COLLATE utf8mb4_unicode_ci NOT NULL,
  `video` varchar(255) COLLATE utf8mb4_unicode_ci NOT NULL,
  `duration` varchar(255) COLLATE utf8mb4_unicode_ci DEFAULT NULL,
  `created_at` timestamp NULL DEFAULT NULL,
  `updated_at` timestamp NULL DEFAULT NULL
) ENGINE=InnoDB DEFAULT CHARSET=utf8mb4 COLLATE=utf8mb4_unicode_ci;

--
-- Dumping data for table `videos`
--

INSERT INTO `videos` (`id`, `category_id`, `title`, `thumbnail`, `video`, `duration`, `created_at`, `updated_at`) VALUES
(1, 5, 'Internal Mobility Coordinator', '1745659087.jpg', '1745659087.mp4', NULL, '2025-04-26 03:18:07', '2025-04-26 03:18:07'),
(2, 5, 'District Marketing Agent', '1745659157.jpg', '1745659157.mp4', NULL, '2025-04-26 03:19:17', '2025-04-26 03:19:17'),
(6, 5, 'Future Security Planner', '1745659623.jpg', '1745659623.mp4', NULL, '2025-04-26 03:27:03', '2025-04-26 03:27:03'),
(7, 5, 'Investor Mobility Orchestrator', '1745677167.jpg', '1745677167.mp4', NULL, '2025-04-26 08:19:27', '2025-04-26 08:19:27'),
(9, 5, 'Dynamic Data Developer', '1745677183.jpg', '1745677183.mp4', NULL, '2025-04-26 08:19:43', '2025-04-26 08:19:43'),
(10, 5, 'District Solutions Representative', '1745677885.jpg', '1745677885.mp4', NULL, '2025-04-26 08:31:25', '2025-04-26 08:31:25'),
(11, 5, 'Senior Applications Orchestrator', '1746448144.png', '1746448144.mp4', NULL, '2025-05-05 06:29:04', '2025-05-05 06:29:04'),
(13, 6, 'asdfasdfasdf', '1748090896.png', '1748090896.mp4', NULL, '2025-05-24 06:48:16', '2025-05-24 06:48:16'),
(14, 6, 'asdfasdfasdf', '1748091017.png', '1748091017.mp4', NULL, '2025-05-24 06:50:17', '2025-05-24 06:50:17'),
(15, 6, 'asdfasdfasdf', '1748091095.png', '1748091095.mp4', NULL, '2025-05-24 06:51:35', '2025-05-24 06:51:35'),
(16, 6, 'asdfasdfasdf', '1748091099.png', '1748091099.mp4', NULL, '2025-05-24 06:51:39', '2025-05-24 06:51:39'),
(17, 6, 'asdfasdfasdf', '1748091101.png', '1748091101.mp4', NULL, '2025-05-24 06:51:41', '2025-05-24 06:51:41'),
(18, 6, 'asdfasdfasdf', '1748091102.png', '1748091102.mp4', NULL, '2025-05-24 06:51:42', '2025-05-24 06:51:42'),
(22, 8, 'asdfasdfasdf', '1748092490.png', '1748092490.mp4', NULL, '2025-05-24 07:14:50', '2025-05-24 07:14:50'),
(25, 5, 'asdfasdfasdf', '1748093293.png', '1748093293.mp4', NULL, '2025-05-24 07:28:13', '2025-05-24 07:28:13'),
(26, 8, 'asdfasdf', '1748261788.jpg', '1748261788.mp4', NULL, '2025-05-26 06:16:28', '2025-05-26 06:16:28'),
(33, 4, 'asdfasdf', '1748705625.jpg', '1748705625.mp4', '30.526667', '2025-05-31 09:33:45', '2025-05-31 09:33:45');

-- --------------------------------------------------------

--
-- Table structure for table `video_comments`
--

CREATE TABLE `video_comments` (
  `id` bigint UNSIGNED NOT NULL,
  `user_id` bigint UNSIGNED DEFAULT NULL,
  `video_id` bigint UNSIGNED DEFAULT NULL,
  `comment` text COLLATE utf8mb4_unicode_ci,
  `created_at` timestamp NULL DEFAULT NULL,
  `updated_at` timestamp NULL DEFAULT NULL
) ENGINE=InnoDB DEFAULT CHARSET=utf8mb4 COLLATE=utf8mb4_unicode_ci;

--
-- Dumping data for table `video_comments`
--

INSERT INTO `video_comments` (`id`, `user_id`, `video_id`, `comment`, `created_at`, `updated_at`) VALUES
(1, 2, 1, 'Corporis eaque nihil officiis sit ratione omnis atque.', '2025-04-26 07:26:17', '2025-04-26 07:26:17'),
(2, 2, 1, 'Rerum deleniti quis inventore consequatur.', '2025-04-26 07:26:29', '2025-04-26 07:26:29'),
(3, 2, 1, 'Magnam minima aut architecto est voluptas ut.', '2025-04-26 07:27:25', '2025-04-26 07:27:25'),
(5, 20, 1, 'Vel excepturi accusantium incidunt dicta doloribus est pariatur.', '2025-05-26 09:29:53', '2025-05-26 09:29:53'),
(6, 20, 26, 'Labore corporis praesentium maiores minima et voluptatem officia commodi consequatur.', '2025-05-26 09:30:13', '2025-05-26 09:30:13'),
(7, 20, 26, 'asdfasdf', '2025-05-26 09:45:34', '2025-05-26 09:45:34'),
(8, 20, 26, 'gfh', '2025-05-26 10:00:48', '2025-05-26 10:00:48'),
(9, 20, 22, 'hiu', '2025-05-26 10:18:52', '2025-05-26 10:18:52'),
(10, 20, 22, 'asdf', '2025-05-26 10:18:58', '2025-05-26 10:18:58'),
(11, 20, 22, 'asdfasdf', '2025-05-26 10:18:59', '2025-05-26 10:18:59'),
(12, 20, 22, 'asdfasdf', '2025-05-26 10:19:01', '2025-05-26 10:19:01'),
(13, 20, 22, 'asdfasdf', '2025-05-26 10:19:03', '2025-05-26 10:19:03'),
(14, 20, 22, 'asdfasdf', '2025-05-26 10:19:05', '2025-05-26 10:19:05'),
(15, 20, 22, 'asdfasdf', '2025-05-26 10:19:07', '2025-05-26 10:19:07'),
(16, 20, 22, 'asdfasdf', '2025-05-26 10:19:09', '2025-05-26 10:19:09'),
(17, 20, 22, 'asdfasdf', '2025-05-26 10:19:11', '2025-05-26 10:19:11'),
(18, 20, 22, 'asdfasdf', '2025-05-26 10:19:12', '2025-05-26 10:19:12'),
(19, 20, 22, 'asdfasdf', '2025-05-26 10:19:14', '2025-05-26 10:19:14'),
(20, 20, 22, 'fasdfasdf', '2025-05-26 10:20:17', '2025-05-26 10:20:17'),
(21, 20, 26, 'Vvg', '2025-05-27 03:04:00', '2025-05-27 03:04:00'),
(22, 20, 26, 'Hi', '2025-05-27 03:14:47', '2025-05-27 03:14:47'),
(23, 20, 26, 'Non', '2025-05-27 03:14:54', '2025-05-27 03:14:54'),
(24, 20, 26, 'Hi', '2025-05-27 03:14:57', '2025-05-27 03:14:57'),
(25, 20, 26, 'Jani', '2025-05-27 03:15:03', '2025-05-27 03:15:03'),
(26, 20, 26, 'Saas', '2025-05-27 03:15:17', '2025-05-27 03:15:17'),
(27, 20, 26, 'asdf', '2025-05-27 10:03:15', '2025-05-27 10:03:15'),
(28, 20, 26, 'd', '2025-05-28 08:31:25', '2025-05-28 08:31:25'),
(29, 20, 26, 'a', '2025-05-28 08:32:00', '2025-05-28 08:32:00'),
(30, 20, 26, 'a', '2025-05-28 08:32:08', '2025-05-28 08:32:08'),
(31, 20, 26, 'a', '2025-05-28 08:32:11', '2025-05-28 08:32:11'),
(32, 20, 26, 'a', '2025-05-28 08:32:11', '2025-05-28 08:32:11'),
(33, 20, 26, 'asdf', '2025-05-28 08:35:43', '2025-05-28 08:35:43'),
(34, 20, 26, 'asdf', '2025-05-28 08:35:46', '2025-05-28 08:35:46'),
(35, 20, 26, 'utth', '2025-05-28 09:06:43', '2025-05-28 09:06:43'),
(36, 20, 26, 'Fgjh', '2025-05-28 09:10:14', '2025-05-28 09:10:14'),
(37, 20, 26, 'Arif Biswas', '2025-05-28 09:10:22', '2025-05-28 09:10:22'),
(38, 20, 26, 'HIasdf', '2025-05-28 09:11:21', '2025-05-28 09:11:21'),
(39, 20, 26, 'Agun', '2025-05-28 09:11:36', '2025-05-28 09:11:36'),
(40, 20, 26, 'asdfasdf', '2025-05-28 11:02:30', '2025-05-28 11:02:30'),
(41, 20, 26, 'Abir', '2025-05-28 11:02:34', '2025-05-28 11:02:34'),
(42, 20, 26, 'Valo', '2025-05-28 11:04:59', '2025-05-28 11:04:59'),
(43, 23, 26, 'Oken', '2025-05-29 04:17:34', '2025-05-29 04:17:34'),
(44, 23, 26, 'OKKK', '2025-05-29 04:17:56', '2025-05-29 04:17:56'),
(52, 23, 33, 'Hey', '2025-06-03 22:20:25', '2025-06-03 22:20:25'),
(53, 23, 33, 'asdfasdf', '2025-06-13 07:44:27', '2025-06-13 07:44:27');

--
-- Indexes for dumped tables
--

--
-- Indexes for table `app_open_counts`
--
ALTER TABLE `app_open_counts`
  ADD PRIMARY KEY (`id`);

--
-- Indexes for table `audio`
--
ALTER TABLE `audio`
  ADD PRIMARY KEY (`id`),
  ADD KEY `audio_category_id_foreign` (`category_id`);

--
-- Indexes for table `cache`
--
ALTER TABLE `cache`
  ADD PRIMARY KEY (`key`);

--
-- Indexes for table `cache_locks`
--
ALTER TABLE `cache_locks`
  ADD PRIMARY KEY (`key`);

--
-- Indexes for table `categories`
--
ALTER TABLE `categories`
  ADD PRIMARY KEY (`id`);

--
-- Indexes for table `documents`
--
ALTER TABLE `documents`
  ADD PRIMARY KEY (`id`),
  ADD KEY `documents_category_id_foreign` (`category_id`);

--
-- Indexes for table `failed_jobs`
--
ALTER TABLE `failed_jobs`
  ADD PRIMARY KEY (`id`),
  ADD UNIQUE KEY `failed_jobs_uuid_unique` (`uuid`);

--
-- Indexes for table `jobs`
--
ALTER TABLE `jobs`
  ADD PRIMARY KEY (`id`),
  ADD KEY `jobs_queue_index` (`queue`);

--
-- Indexes for table `job_batches`
--
ALTER TABLE `job_batches`
  ADD PRIMARY KEY (`id`);

--
-- Indexes for table `links`
--
ALTER TABLE `links`
  ADD PRIMARY KEY (`id`);

--
-- Indexes for table `migrations`
--
ALTER TABLE `migrations`
  ADD PRIMARY KEY (`id`);

--
-- Indexes for table `pages`
--
ALTER TABLE `pages`
  ADD PRIMARY KEY (`id`);

--
-- Indexes for table `password_reset_tokens`
--
ALTER TABLE `password_reset_tokens`
  ADD PRIMARY KEY (`email`);

--
-- Indexes for table `personal_access_tokens`
--
ALTER TABLE `personal_access_tokens`
  ADD PRIMARY KEY (`id`),
  ADD UNIQUE KEY `personal_access_tokens_token_unique` (`token`),
  ADD KEY `personal_access_tokens_tokenable_type_tokenable_id_index` (`tokenable_type`,`tokenable_id`);

--
-- Indexes for table `photo_libraries`
--
ALTER TABLE `photo_libraries`
  ADD PRIMARY KEY (`id`),
  ADD KEY `photo_libraries_category_id_foreign` (`category_id`);

--
-- Indexes for table `sessions`
--
ALTER TABLE `sessions`
  ADD PRIMARY KEY (`id`),
  ADD KEY `sessions_user_id_index` (`user_id`),
  ADD KEY `sessions_last_activity_index` (`last_activity`);

--
-- Indexes for table `users`
--
ALTER TABLE `users`
  ADD PRIMARY KEY (`id`),
  ADD UNIQUE KEY `users_email_unique` (`email`),
  ADD UNIQUE KEY `users_otp_unique` (`otp`);

--
-- Indexes for table `videos`
--
ALTER TABLE `videos`
  ADD PRIMARY KEY (`id`),
  ADD KEY `videos_category_id_foreign` (`category_id`);

--
-- Indexes for table `video_comments`
--
ALTER TABLE `video_comments`
  ADD PRIMARY KEY (`id`),
  ADD KEY `video_comments_user_id_foreign` (`user_id`),
  ADD KEY `video_comments_video_id_foreign` (`video_id`);

--
-- AUTO_INCREMENT for dumped tables
--

--
-- AUTO_INCREMENT for table `app_open_counts`
--
ALTER TABLE `app_open_counts`
  MODIFY `id` bigint UNSIGNED NOT NULL AUTO_INCREMENT, AUTO_INCREMENT=17;

--
-- AUTO_INCREMENT for table `audio`
--
ALTER TABLE `audio`
  MODIFY `id` bigint UNSIGNED NOT NULL AUTO_INCREMENT, AUTO_INCREMENT=25;

--
-- AUTO_INCREMENT for table `categories`
--
ALTER TABLE `categories`
  MODIFY `id` bigint UNSIGNED NOT NULL AUTO_INCREMENT, AUTO_INCREMENT=73;

--
-- AUTO_INCREMENT for table `documents`
--
ALTER TABLE `documents`
  MODIFY `id` bigint UNSIGNED NOT NULL AUTO_INCREMENT, AUTO_INCREMENT=18;

--
-- AUTO_INCREMENT for table `failed_jobs`
--
ALTER TABLE `failed_jobs`
  MODIFY `id` bigint UNSIGNED NOT NULL AUTO_INCREMENT, AUTO_INCREMENT=12;

--
-- AUTO_INCREMENT for table `jobs`
--
ALTER TABLE `jobs`
  MODIFY `id` bigint UNSIGNED NOT NULL AUTO_INCREMENT, AUTO_INCREMENT=49;

--
-- AUTO_INCREMENT for table `links`
--
ALTER TABLE `links`
  MODIFY `id` bigint UNSIGNED NOT NULL AUTO_INCREMENT, AUTO_INCREMENT=12;

--
-- AUTO_INCREMENT for table `migrations`
--
ALTER TABLE `migrations`
  MODIFY `id` int UNSIGNED NOT NULL AUTO_INCREMENT, AUTO_INCREMENT=21;

--
-- AUTO_INCREMENT for table `pages`
--
ALTER TABLE `pages`
  MODIFY `id` bigint UNSIGNED NOT NULL AUTO_INCREMENT, AUTO_INCREMENT=3;

--
-- AUTO_INCREMENT for table `personal_access_tokens`
--
ALTER TABLE `personal_access_tokens`
  MODIFY `id` bigint UNSIGNED NOT NULL AUTO_INCREMENT, AUTO_INCREMENT=87;

--
-- AUTO_INCREMENT for table `photo_libraries`
--
ALTER TABLE `photo_libraries`
  MODIFY `id` bigint UNSIGNED NOT NULL AUTO_INCREMENT, AUTO_INCREMENT=46;

--
-- AUTO_INCREMENT for table `users`
--
ALTER TABLE `users`
  MODIFY `id` bigint UNSIGNED NOT NULL AUTO_INCREMENT, AUTO_INCREMENT=24;

--
-- AUTO_INCREMENT for table `videos`
--
ALTER TABLE `videos`
  MODIFY `id` bigint UNSIGNED NOT NULL AUTO_INCREMENT, AUTO_INCREMENT=34;

--
-- AUTO_INCREMENT for table `video_comments`
--
ALTER TABLE `video_comments`
  MODIFY `id` bigint UNSIGNED NOT NULL AUTO_INCREMENT, AUTO_INCREMENT=54;

--
-- Constraints for dumped tables
--

--
-- Constraints for table `audio`
--
ALTER TABLE `audio`
  ADD CONSTRAINT `audio_category_id_foreign` FOREIGN KEY (`category_id`) REFERENCES `categories` (`id`) ON DELETE CASCADE;

--
-- Constraints for table `documents`
--
ALTER TABLE `documents`
  ADD CONSTRAINT `documents_category_id_foreign` FOREIGN KEY (`category_id`) REFERENCES `categories` (`id`) ON DELETE CASCADE;

--
-- Constraints for table `photo_libraries`
--
ALTER TABLE `photo_libraries`
  ADD CONSTRAINT `photo_libraries_category_id_foreign` FOREIGN KEY (`category_id`) REFERENCES `categories` (`id`) ON DELETE CASCADE;

--
-- Constraints for table `videos`
--
ALTER TABLE `videos`
  ADD CONSTRAINT `videos_category_id_foreign` FOREIGN KEY (`category_id`) REFERENCES `categories` (`id`) ON DELETE CASCADE;

--
-- Constraints for table `video_comments`
--
ALTER TABLE `video_comments`
  ADD CONSTRAINT `video_comments_user_id_foreign` FOREIGN KEY (`user_id`) REFERENCES `users` (`id`) ON DELETE CASCADE,
  ADD CONSTRAINT `video_comments_video_id_foreign` FOREIGN KEY (`video_id`) REFERENCES `videos` (`id`) ON DELETE CASCADE;
COMMIT;

/*!40101 SET CHARACTER_SET_CLIENT=@OLD_CHARACTER_SET_CLIENT */;
/*!40101 SET CHARACTER_SET_RESULTS=@OLD_CHARACTER_SET_RESULTS */;
/*!40101 SET COLLATION_CONNECTION=@OLD_COLLATION_CONNECTION */;
